,household_income_feeling,migration_want,planning_to_move12,prepared_to_move,why_no_leave
0,2,0,,,
1,1,1,0.0,,
2,3,1,0.0,,
3,1,0,,,
4,2,0,,,1 3 4
5,3,0,,,
6,2,0,,,
7,2,0,,,
8,3,99,,,3
9,2,0,,,
10,2,0,,,
11,2,1,0.0,,4 5
12,3,1,1.0,0.0,
13,2,0,,,5
14,2,0,,,
15,2,0,,,
16,2,0,,,
17,2,0,,,
18,2,1,0.0,,
19,4,0,,,
20,2,0,,,
21,2,1,0.0,,
22,2,0,,,2 4
23,2,1,0.0,,
24,1,1,0.0,,
25,2,1,0.0,,
26,4,0,,,
27,4,0,,,
28,4,99,,,
29,2,1,0.0,,9
30,3,99,,,
31,3,1,0.0,,3 4
32,2,1,1.0,1.0,
33,2,0,,,
34,2,0,,,
35,1,0,,,
36,1,0,,,
37,1,0,,,
38,3,0,,,
39,3,1,0.0,,7
40,3,1,0.0,,5
41,2,1,0.0,,
42,2,1,0.0,,
43,2,0,,,
44,2,1,0.0,,7
45,1,0,,,
46,4,0,,,9
47,3,0,,,
48,1,1,0.0,,
49,1,0,,,
50,3,0,,,
51,2,99,,,
52,2,1,0.0,,5
53,1,0,,,8
54,3,1,0.0,,3 4
55,2,1,0.0,,
56,2,0,,,
57,2,0,,,
58,2,0,,,
59,2,0,,,
60,2,1,0.0,,5
61,2,1,0.0,,
62,2,1,0.0,,
63,3,0,,,
64,2,0,,,
65,2,0,,,
66,4,0,,,
67,2,0,,,
68,1,0,,,
69,1,1,0.0,,
70,2,0,,,
71,2,0,,,
72,2,0,,,
73,1,1,1.0,0.0,3 4 5
74,3,1,1.0,1.0,7
75,99,0,,,
76,1,1,0.0,,9
77,3,0,,,
78,3,0,,,
79,1,0,,,
80,3,1,1.0,0.0,
81,1,0,,,
82,2,0,,,6
83,3,1,0.0,,5
84,2,99,,,
85,2,0,,,
86,3,1,0.0,,
87,3,1,0.0,,
88,3,0,,,
89,1,0,,,
90,1,1,0.0,,
91,2,1,0.0,,4 3
92,2,0,,,
93,3,0,,,4
94,2,1,0.0,,4 3
95,3,1,1.0,0.0,4
96,2,0,,,
97,2,0,,,
98,2,0,,,
99,2,0,,,
100,2,0,,,
101,1,0,,,
102,3,1,0.0,,3 4
103,3,1,0.0,,
104,4,1,0.0,,2 3
105,3,1,0.0,,4 3
106,1,1,0.0,,
107,2,0,,,
108,1,1,0.0,,
109,1,0,,,
110,1,0,,,4 5
111,1,0,,,3 4
112,2,1,1.0,1.0,
113,2,0,,,7
114,2,1,0.0,,
115,2,1,0.0,,
116,3,1,0.0,,4 3 5
117,3,1,0.0,,
118,2,0,,,
119,2,1,0.0,,
120,1,0,,,
121,2,0,,,5
122,2,1,0.0,,
123,1,1,0.0,,
124,2,1,0.0,,3 4
125,2,1,0.0,,
126,2,0,,,
127,2,1,0.0,,
128,2,0,,,
129,2,1,0.0,,
130,1,0,,,
131,2,1,1.0,1.0,
132,3,0,,,
133,1,0,,,
134,1,0,,,
135,2,1,0.0,,
136,2,0,,,
137,1,0,,,
138,2,0,,,
139,1,0,,,
140,3,99,,,
141,1,0,,,
142,3,1,0.0,,
143,2,0,,,
144,2,1,0.0,,
145,2,0,,,
146,2,0,,,
147,2,0,,,
148,2,0,,,
149,2,0,,,
150,2,0,,,
151,3,1,0.0,,1 4 8
152,2,1,0.0,,
153,3,0,,,
154,2,0,,,
155,3,1,0.0,,
156,2,0,,,
157,2,0,,,
158,1,1,0.0,,
159,2,0,,,
160,2,0,,,
161,2,1,0.0,,4
162,3,0,,,
163,2,1,0.0,,
164,2,0,,,
165,2,0,,,
166,4,0,,,3 4
167,3,0,,,
168,3,0,,,
169,2,0,,,
170,2,0,,,
171,2,0,,,
172,2,0,,,
173,2,0,,,
174,3,0,,,
175,3,0,,,
176,4,0,,,
177,4,0,,,
178,3,0,,,
179,1,0,,,
180,1,0,,,
181,2,0,,,
182,2,99,,,
183,1,0,,,
184,1,0,,,
185,4,1,1.0,0.0,3 4 9
186,3,0,,,
187,4,0,,,
188,3,1,0.0,,
189,3,1,0.0,,3 4
190,2,1,0.0,,
191,2,0,,,3 4
192,3,0,,,
193,3,0,,,
194,2,0,,,
195,2,1,0.0,,9
196,4,1,0.0,,9
197,2,1,0.0,,
198,3,1,0.0,,
199,4,0,,,
200,2,1,0.0,,6 5
201,2,1,0.0,,
202,4,0,,,
203,2,1,0.0,,
204,2,0,,,
205,2,0,,,
206,2,0,,,9
207,2,99,,,
208,2,1,0.0,,9
209,2,0,,,
210,1,0,,,
211,3,1,0.0,,
212,2,1,0.0,,
213,3,1,0.0,,
214,1,1,0.0,,
215,3,1,0.0,,3 4 9
216,3,1,0.0,,
217,1,1,0.0,,
218,1,1,1.0,1.0,
219,1,0,,,
220,2,0,,,
221,1,0,,,
222,3,1,0.0,,4 3
223,4,1,0.0,,
224,4,1,0.0,,
225,2,0,,,
226,2,1,0.0,,
227,3,0,,,3 4
228,1,0,,,
229,3,1,0.0,,
230,2,1,0.0,,
231,2,0,,,
232,3,1,0.0,,
233,3,1,0.0,,
234,2,0,,,
235,3,1,0.0,,5 4
236,3,1,0.0,,3 4
237,3,0,,,1 3 4
238,2,0,,,
239,2,0,,,9
240,4,1,0.0,,
241,2,0,,,
242,3,1,0.0,,
243,4,1,0.0,,
244,2,1,0.0,,
245,3,1,0.0,,
246,2,1,0.0,,
247,3,1,0.0,,3 4
248,2,1,0.0,,
249,2,0,,,3 6 2
250,2,0,,,
251,2,0,,,
252,3,0,,,
253,3,0,,,
254,3,1,0.0,,
255,1,99,,,
256,3,1,0.0,,5
257,3,0,,,
258,2,1,1.0,1.0,2
259,2,0,,,
260,2,1,0.0,,
261,4,0,,,2 3 4
262,3,0,,,3 4
263,3,1,0.0,,4 3 2
264,2,1,0.0,,
265,3,0,,,3 4
266,3,1,0.0,,
267,4,0,,,
268,4,1,0.0,,7 3
269,4,0,,,
270,3,0,,,
271,2,0,,,
272,2,1,0.0,,
273,2,1,1.0,1.0,
274,3,1,0.0,,2 3
275,3,0,,,
276,3,0,,,
277,3,0,,,
278,3,0,,,1 7
279,2,1,0.0,,3 4 5
280,2,1,0.0,,
281,2,0,,,
282,4,0,,,
283,4,0,,,
284,1,0,,,
285,2,1,0.0,,
286,2,0,,,
287,3,0,,,
288,3,0,,,
289,3,1,0.0,,4
290,2,0,,,
291,2,1,0.0,,
292,2,1,0.0,,8
293,3,1,1.0,0.0,2
294,3,1,0.0,,
295,3,1,0.0,,
296,2,1,0.0,,
297,4,1,0.0,,
298,2,0,,,
299,1,1,0.0,,
300,1,0,,,9 3 4
301,4,1,0.0,,4 3
302,2,1,0.0,,
303,99,1,0.0,,3
304,2,1,0.0,,
305,3,1,0.0,,4
306,3,0,,,
307,2,0,,,3
308,3,1,0.0,,8
309,2,0,,,
310,2,0,,,
311,2,0,,,
312,2,0,,,
313,2,0,,,
314,1,1,0.0,,6
315,1,1,0.0,,
316,2,1,1.0,0.0,
317,1,0,,,
318,2,0,,,
319,3,1,1.0,0.0,99
320,2,0,,,
321,3,0,,,
322,2,0,,,
323,4,0,,,1 9
324,2,0,,,
325,1,99,,,
326,1,0,,,
327,3,0,,,
328,2,0,,,
329,3,0,,,
330,2,0,,,
331,2,0,,,
332,3,0,,,
333,3,1,0.0,,
334,3,1,0.0,,
335,2,0,,,
336,2,1,0.0,,1 4 7
337,2,1,0.0,,
338,2,0,,,
339,2,1,0.0,,
340,2,0,,,
341,2,0,,,
342,2,0,,,
343,3,0,,,
344,4,0,,,
345,3,0,,,
346,3,0,,,
347,1,0,,,
348,3,0,,,
349,2,0,,,9
350,2,1,0.0,,
351,2,99,,,
352,2,0,,,
353,1,99,,,
354,3,1,0.0,,
355,2,1,0.0,,
356,2,0,,,9
357,2,0,,,
358,2,1,0.0,,
359,2,1,0.0,,
360,3,0,,,
361,3,1,0.0,,5
362,2,1,0.0,,
363,3,1,0.0,,3
364,2,1,0.0,,3
365,2,0,,,
366,1,1,0.0,,
367,1,0,,,
368,3,1,0.0,,3
369,2,0,,,
370,3,1,0.0,,9 1 2
371,2,1,0.0,,
372,2,1,0.0,,
373,2,1,0.0,,
374,4,1,0.0,,
375,4,1,0.0,,4 5
376,4,1,0.0,,4 5
377,3,1,0.0,,4 5
378,3,1,0.0,,
379,3,1,0.0,,
380,3,0,,,
381,2,1,0.0,,
382,4,0,,,
383,4,0,,,
384,4,1,0.0,,
385,99,1,0.0,,5
386,2,1,0.0,,
387,2,0,,,
388,3,0,,,
389,2,1,0.0,,
390,2,0,,,
391,2,0,,,
392,2,0,,,
393,2,0,,,
394,3,1,0.0,,4 7
395,4,1,0.0,,
396,4,1,0.0,,
397,4,1,0.0,,
398,2,0,,,
399,2,1,0.0,,1 3
400,2,1,0.0,,
401,2,0,,,
402,1,0,,,
403,2,0,,,
404,2,1,0.0,,
405,2,99,,,9
406,2,1,0.0,,
407,2,0,,,
408,2,1,0.0,,
409,1,1,0.0,,
410,2,1,0.0,,
411,2,0,,,
412,2,1,0.0,,1 3 5
413,3,1,0.0,,
414,4,1,0.0,,
415,1,0,,,
416,2,0,,,1 2 3
417,2,1,0.0,,
418,2,1,0.0,,
419,1,1,1.0,1.0,
420,1,1,0.0,,
421,2,0,,,
422,2,0,,,
423,2,1,0.0,,
424,1,1,0.0,,
425,2,1,0.0,,
426,4,0,,,
427,3,0,,,
428,2,0,,,
429,3,1,1.0,0.0,
430,3,0,,,
431,3,1,0.0,,
432,3,1,0.0,,5 9
433,1,1,0.0,,
434,3,0,,,
435,3,1,0.0,,
436,2,1,0.0,,
437,3,1,0.0,,
438,3,1,1.0,0.0,1 2 3
439,2,1,0.0,,8 3
440,4,0,,,
441,2,1,0.0,,
442,2,0,,,
443,2,1,0.0,,3 4
444,2,0,,,
445,3,0,,,3 4
446,3,1,0.0,,7
447,2,0,,,4 3 9
448,2,1,0.0,,3 5
449,3,1,0.0,,
450,1,0,,,
451,4,0,,,
452,4,1,0.0,,
453,4,1,0.0,,
454,2,1,0.0,,7
455,2,0,,,
456,3,1,0.0,,
457,4,1,1.0,1.0,
458,1,0,,,
459,4,1,0.0,,
460,4,1,0.0,,
461,2,1,1.0,1.0,
462,4,0,,,
463,3,1,1.0,1.0,
464,4,0,,,
465,3,1,0.0,,
466,3,1,0.0,,7 4
467,2,1,0.0,,3 4
468,2,1,0.0,,
469,2,0,,,
470,2,1,0.0,,
471,2,0,,,
472,2,1,1.0,1.0,2
473,2,0,,,9
474,2,1,0.0,,
475,2,1,0.0,,
476,4,0,,,5 3
477,1,0,,,
478,2,1,0.0,,
479,4,1,0.0,,
480,3,1,0.0,,3 4 7
481,3,0,,,
482,2,0,,,
483,2,0,,,
484,3,1,0.0,,
485,2,0,,,
486,2,1,0.0,,
487,2,0,,,
488,3,0,,,
489,2,1,0.0,,
490,1,0,,,
491,2,0,,,
492,2,0,,,
493,2,0,,,
494,2,1,0.0,,
495,2,0,,,
496,3,1,0.0,,
497,2,1,0.0,,
498,2,1,1.0,1.0,
499,3,0,,,
500,4,0,,,
501,4,1,0.0,,8
502,1,1,0.0,,
503,2,0,,,
504,3,0,,,
505,2,1,0.0,,3
506,2,0,,,
507,3,0,,,
508,2,1,0.0,,
509,2,1,99.0,,
510,2,0,,,
511,4,1,0.0,,
512,3,0,,,
513,2,0,,,5
514,1,0,,,
515,2,0,,,
516,3,1,0.0,,3
517,3,0,,,
518,3,0,,,6
519,2,0,,,
520,4,1,1.0,1.0,99
521,3,1,0.0,,2
522,2,1,0.0,,1
523,2,0,,,
524,4,1,0.0,,
525,99,1,0.0,,
526,1,0,,,
527,3,1,0.0,,
528,2,0,,,
529,4,0,,,
530,2,1,0.0,,
531,4,0,,,
532,2,1,0.0,,
533,2,1,1.0,1.0,
534,2,0,,,
535,2,1,0.0,,
536,2,1,1.0,1.0,
537,3,0,,,
538,2,0,,,
539,2,0,,,
540,2,0,,,
541,2,0,,,
542,1,0,,,
543,2,0,,,
544,2,0,,,
545,2,0,,,
546,4,0,,,
547,2,0,,,
548,2,0,,,
549,1,1,0.0,,
550,2,1,1.0,0.0,
551,2,1,0.0,,
552,2,0,,,
553,2,0,,,
554,2,0,,,
555,3,0,,,
556,2,0,,,
557,4,0,,,
558,2,1,0.0,,
559,2,1,0.0,,4
560,2,0,,,7
561,2,0,,,
562,2,1,0.0,,
563,4,0,,,3
564,2,1,0.0,,7
565,3,0,,,
566,2,0,,,
567,4,0,,,
568,4,0,,,
569,2,1,1.0,0.0,
570,2,1,99.0,,
571,2,0,,,
572,2,0,,,
573,2,1,0.0,,
574,2,1,0.0,,3 1
575,3,1,0.0,,
576,2,1,0.0,,
577,3,0,,,
578,4,1,0.0,,2 7
579,2,0,,,
580,1,1,0.0,,3 4
581,4,0,,,1 4
582,2,0,,,
583,2,1,0.0,,3
584,4,0,,,
585,2,0,,,
586,3,0,,,
587,3,0,,,
588,4,0,,,
589,3,1,0.0,,
590,3,0,,,
591,2,0,,,
592,2,0,,,
593,2,0,,,7
594,2,0,,,
595,2,0,,,
596,4,0,,,
597,2,1,0.0,,
598,3,0,,,
599,3,0,,,
600,4,0,,,
601,3,0,,,
602,2,0,,,
603,2,0,,,
604,4,1,1.0,0.0,
605,2,0,,,
606,2,0,,,
607,2,0,,,
608,2,0,,,
609,2,0,,,
610,2,0,,,
611,2,1,0.0,,3 4
612,4,0,,,
613,2,1,1.0,1.0,
614,2,0,,,
615,2,0,,,
616,2,0,,,
617,2,0,,,
618,4,0,,,
619,4,0,,,
620,4,1,0.0,,
621,2,99,,,
622,2,0,,,
623,1,0,,,
624,1,0,,,
625,3,0,,,
626,2,0,,,
627,2,0,,,
628,2,0,,,
629,99,1,0.0,,8 7
630,2,1,1.0,0.0,
631,4,1,0.0,,8
632,2,1,0.0,,8
633,1,0,,,
634,3,1,0.0,,
635,3,1,0.0,,
636,3,0,,,
637,1,0,,,
638,1,0,,,
639,2,0,,,
640,1,0,,,
641,2,1,1.0,0.0,
642,4,0,,,1 2 3
643,3,0,,,
644,4,1,0.0,,1 2 3
645,1,0,,,
646,3,0,,,
647,2,0,,,
648,3,0,,,
649,3,0,,,
650,3,1,0.0,,3 4
651,3,99,,,
652,1,0,,,
653,1,99,,,
654,2,1,0.0,,
655,3,0,,,
656,2,1,0.0,,
657,1,1,0.0,,
658,2,0,,,
659,2,0,,,
660,2,0,,,
661,2,1,0.0,,
662,2,1,0.0,,
663,2,1,0.0,,7
664,3,0,,,
665,2,1,0.0,,
666,1,1,0.0,,
667,1,1,0.0,,
668,3,0,,,
669,2,1,0.0,,
670,1,1,0.0,,9
671,1,1,0.0,,
672,3,0,,,
673,3,1,0.0,,5
674,1,0,,,
675,2,1,0.0,,
676,4,99,,,
677,2,0,,,
678,3,0,,,
679,3,0,,,
680,2,0,,,
681,4,1,0.0,,3
682,4,0,,,
683,2,0,,,
684,2,0,,,3 4 5
685,2,0,,,7 3
686,2,0,,,
687,2,1,0.0,,
688,3,1,0.0,,
689,3,1,0.0,,3 4
690,4,1,0.0,,4
691,3,0,,,
692,4,0,,,
693,2,0,,,
694,3,1,0.0,,
695,2,0,,,
696,2,1,0.0,,
697,2,0,,,4
698,3,1,0.0,,4
699,4,0,,,
700,2,0,,,
701,1,1,0.0,,5 4
702,2,0,,,
703,2,0,,,
704,1,0,,,
705,2,1,0.0,,
706,2,1,0.0,,
707,3,1,0.0,,
708,2,1,0.0,,7
709,99,1,0.0,,
710,3,1,0.0,,2
711,1,1,1.0,1.0,
712,3,0,,,
713,3,0,,,1
714,3,0,,,
715,2,0,,,
716,2,0,,,
717,4,0,,,7
718,3,0,,,7
719,3,1,0.0,,7
720,1,0,,,
721,3,0,,,
722,2,1,0.0,,
723,3,0,,,
724,2,1,0.0,,4 3 2
725,1,0,,,
726,2,99,,,
727,2,0,,,
728,2,0,,,
729,3,0,,,3
730,2,1,0.0,,
731,1,1,0.0,,3
732,2,0,,,
733,2,0,,,
734,4,1,0.0,,
735,1,0,,,
736,4,1,0.0,,
737,4,1,0.0,,
738,4,1,0.0,,
739,3,1,0.0,,4
740,2,0,,,
741,2,0,,,
742,3,0,,,
743,3,0,,,
744,3,0,,,
745,2,0,,,
746,2,0,,,
747,3,1,0.0,,
748,3,1,0.0,,
749,4,0,,,
750,3,0,,,
751,2,0,,,
752,3,1,0.0,,3 4
753,2,0,,,
754,3,0,,,
755,2,1,0.0,,
756,2,0,,,
757,2,1,0.0,,
758,1,1,0.0,,
759,2,1,0.0,,
760,3,0,,,
761,2,1,1.0,0.0,
762,99,1,0.0,,
763,2,0,,,
764,3,1,1.0,0.0,
765,3,1,0.0,,
766,2,0,,,
767,3,0,,,3 4
768,2,0,,,
769,3,1,0.0,,
770,3,1,0.0,,
771,1,1,1.0,1.0,
772,2,1,0.0,,
773,1,0,,,
774,3,0,,,
775,3,0,,,
776,2,0,,,
777,2,1,0.0,,5
778,3,1,0.0,,3 9 4
779,1,1,0.0,,
780,3,1,0.0,,4
781,2,0,,,
782,2,0,,,
783,1,0,,,4
784,1,0,,,
785,2,0,,,
786,2,0,,,
787,1,1,0.0,,
788,1,0,,,
789,2,1,0.0,,3 5
790,2,1,0.0,,8
791,1,1,0.0,,
792,2,0,,,
793,4,0,,,
794,3,1,0.0,,
795,2,1,0.0,,
796,2,0,,,
797,1,0,,,
798,2,0,,,
799,2,1,0.0,,
800,2,0,,,
801,2,0,,,3 4
802,2,1,0.0,,3 4
803,2,0,,,
804,2,0,,,
805,3,0,,,
806,3,0,,,
807,4,0,,,
808,3,0,,,
809,2,1,1.0,0.0,3 4
810,2,1,1.0,0.0,
811,4,0,,,
812,4,0,,,
813,3,0,,,
814,4,1,0.0,,3
815,2,1,0.0,,
816,2,1,0.0,,
817,1,1,1.0,0.0,
818,2,0,,,
819,1,1,0.0,,
820,4,0,,,
821,2,0,,,
822,2,1,0.0,,
823,2,1,1.0,0.0,
824,3,0,,,
825,2,1,0.0,,
826,2,0,,,
827,4,0,,,
828,3,1,1.0,0.0,1 3
829,2,0,,,
830,2,0,,,
831,2,0,,,
832,2,1,0.0,,
833,2,0,,,
834,2,1,0.0,,7
835,2,0,,,
836,2,0,,,
837,2,1,0.0,,1 9
838,3,0,,,
839,2,1,0.0,,2 9 3
840,2,0,,,1 7 3
841,1,1,0.0,,8 7 1
842,2,0,,,
843,2,0,,,
844,2,0,,,
845,3,0,,,
846,2,0,,,
847,4,0,,,
848,4,0,,,
849,4,0,,,
850,4,1,0.0,,4
851,4,1,0.0,,
852,4,0,,,
853,2,0,,,
854,2,0,,,
855,2,0,,,
856,2,0,,,
857,1,1,0.0,,3 1
858,1,1,0.0,,
859,4,1,1.0,0.0,
860,4,0,,,
861,1,0,,,
862,3,0,,,
863,4,0,,,
864,1,0,,,
865,4,1,0.0,,9
866,4,1,0.0,,
867,2,1,0.0,,1 7 4
868,2,1,0.0,,
869,2,0,,,
870,2,1,0.0,,
871,2,0,,,
872,2,0,,,
873,4,1,0.0,,
874,2,1,0.0,,7
875,1,1,0.0,,
876,1,1,99.0,,
877,1,1,99.0,,
878,2,1,0.0,,
879,1,1,0.0,,
880,3,0,,,
881,3,0,,,
882,3,0,,,
883,2,0,,,
884,3,0,,,
885,2,1,0.0,,
886,4,0,,,
887,1,0,,,
888,99,0,,,
889,2,0,,,
890,2,0,,,
891,2,1,0.0,,
892,2,1,1.0,1.0,
893,1,0,,,
894,2,1,0.0,,
895,2,0,,,
896,3,0,,,
897,2,1,1.0,0.0,
898,2,1,99.0,,
899,1,0,,,
900,1,0,,,
901,4,1,0.0,,2 4
902,2,0,,,
903,2,0,,,
904,2,0,,,
905,2,0,,,
906,2,1,1.0,1.0,
907,2,0,,,
908,2,0,,,
909,2,0,,,
910,2,0,,,
911,3,0,,,
912,1,0,,,
913,3,0,,,
914,3,1,1.0,1.0,
915,2,0,,,
916,3,0,,,1 5
917,4,1,0.0,,
918,4,1,0.0,,
919,2,0,,,
920,2,0,,,
921,2,1,0.0,,7
922,2,0,,,
923,2,0,,,
924,2,0,,,
925,1,0,,,
926,3,0,,,
927,2,0,,,
928,4,0,,,
929,2,0,,,
930,1,0,,,
931,2,0,,,99
932,3,0,,,
933,3,0,,,
934,4,0,,,
935,2,0,,,
936,2,0,,,
937,4,0,,,
938,2,1,0.0,,
939,2,1,0.0,,
940,2,1,1.0,1.0,
941,2,1,1.0,0.0,
942,3,0,,,
943,2,0,,,
944,4,0,,,
945,3,0,,,
946,4,0,,,
947,2,0,,,
948,2,0,,,
949,2,1,0.0,,
950,2,0,,,
951,2,0,,,
952,3,0,,,
953,2,1,0.0,,
954,2,0,,,
955,2,0,,,
956,2,0,,,
957,2,1,0.0,,
958,2,1,0.0,,8
959,2,0,,,
960,1,1,0.0,,
961,2,1,0.0,,
962,1,0,,,
963,1,0,,,
964,1,1,0.0,,8
965,2,1,0.0,,
966,2,0,,,
967,1,0,,,
968,2,0,,,
969,4,0,,,
970,2,0,,,
971,2,0,,,3 1
972,3,0,,,
973,1,1,0.0,,
974,3,0,,,
975,2,1,0.0,,
976,2,1,0.0,,
977,3,0,,,
978,1,1,0.0,,
979,1,0,,,
980,1,0,,,
981,1,0,,,
982,3,0,,,
983,2,0,,,
984,2,0,,,
985,2,0,,,
986,3,1,0.0,,6 7
987,2,0,,,
988,4,1,0.0,,
989,3,0,,,
990,1,1,0.0,,7
991,4,1,0.0,,
992,2,1,0.0,,
993,2,1,0.0,,
994,4,0,,,
995,3,1,0.0,,
996,3,99,,,
997,4,1,0.0,,1 5
998,2,1,0.0,,99
999,3,0,,,
1000,3,1,0.0,,
1001,4,0,,,
1002,3,0,,,
1003,3,0,,,
1004,3,1,0.0,,1
1005,2,0,,,
1006,2,0,,,
1007,3,0,,,
1008,2,1,0.0,,
1009,2,1,1.0,1.0,
1010,2,1,1.0,1.0,
1011,1,1,0.0,,
1012,2,0,,,
1013,4,0,,,
1014,3,0,,,
1015,3,0,,,
1016,1,0,,,
1017,2,0,,,
1018,1,0,,,
1019,4,0,,,
1020,2,1,0.0,,
1021,2,1,1.0,0.0,4
1022,3,0,,,
1023,2,0,,,
1024,3,1,0.0,,
1025,2,1,0.0,,
1026,4,1,0.0,,
1027,2,1,0.0,,
1028,3,0,,,
1029,4,0,,,
1030,2,0,,,
1031,2,0,,,
1032,1,0,,,
1033,2,0,,,
1034,1,1,0.0,,1
1035,1,0,,,
1036,1,1,0.0,,
1037,3,1,0.0,,4
1038,1,99,,,8
1039,1,1,0.0,,
1040,2,1,0.0,,9
1041,99,1,0.0,,
1042,1,1,0.0,,3
1043,2,1,0.0,,
1044,4,0,,,
1045,3,0,,,
1046,3,0,,,
1047,4,0,,,
1048,4,1,1.0,0.0,
1049,4,0,,,
1050,2,0,,,
1051,4,0,,,
1052,4,0,,,
1053,1,1,0.0,,1 3 5
1054,1,0,,,
1055,2,0,,,
1056,3,0,,,
1057,3,1,0.0,,
1058,2,0,,,
1059,2,1,0.0,,
1060,2,0,,,
1061,2,0,,,
1062,2,0,,,
1063,2,0,,,
1064,2,1,0.0,,
1065,2,0,,,
1066,2,0,,,
1067,2,1,0.0,,
1068,3,1,0.0,,
1069,1,0,,,
1070,1,0,,,8
1071,1,0,,,
1072,3,1,0.0,,
1073,2,1,0.0,,
1074,2,1,0.0,,
1075,2,0,,,
1076,2,1,0.0,,
1077,2,0,,,
1078,2,1,0.0,,
1079,2,0,,,
1080,2,0,,,
1081,2,0,,,
1082,2,99,,,
1083,2,1,0.0,,7 3
1084,2,1,0.0,,
1085,2,1,0.0,,7
1086,3,1,0.0,,
1087,3,1,0.0,,
1088,3,1,0.0,,
1089,2,0,,,
1090,4,1,0.0,,
1091,3,1,0.0,,
1092,2,1,0.0,,
1093,2,1,0.0,,7
1094,4,1,0.0,,5 4
1095,1,0,,,
1096,1,1,0.0,,
1097,4,1,0.0,,
1098,4,1,0.0,,
1099,2,0,,,
1100,3,0,,,
1101,4,1,0.0,,
1102,2,0,,,
1103,2,0,,,
1104,4,0,,,
1105,4,0,,,3 4
1106,3,1,0.0,,3 4
1107,3,0,,,
1108,3,1,1.0,0.0,
1109,2,1,0.0,,
1110,3,0,,,
1111,2,0,,,
1112,2,1,0.0,,3
1113,1,1,1.0,0.0,1 3
1114,4,1,0.0,,
1115,3,0,,,
1116,4,0,,,
1117,4,1,0.0,,
1118,2,1,0.0,,3 4
1119,2,0,,,
1120,1,1,1.0,1.0,
1121,2,0,,,
1122,1,1,0.0,,
1123,1,0,,,
1124,2,0,,,
1125,4,0,,,
1126,99,99,,,
1127,4,0,,,
1128,2,0,,,
1129,3,0,,,
1130,2,1,0.0,,
1131,3,1,0.0,,
1132,2,1,0.0,,
1133,2,1,0.0,,
1134,3,0,,,
1135,2,1,0.0,,
1136,3,1,0.0,,
1137,3,1,0.0,,4
1138,4,1,0.0,,
1139,1,1,0.0,,
1140,1,1,0.0,,
1141,4,1,0.0,,1 3 5
1142,2,0,,,7 1 3
1143,3,0,,,
1144,3,0,,,
1145,4,0,,,
1146,4,0,,,
1147,3,1,0.0,,6
1148,2,1,0.0,,3 5
1149,3,1,0.0,,
1150,2,0,,,
1151,1,0,,,
1152,4,1,0.0,,
1153,2,1,0.0,,3 4
1154,2,1,0.0,,1 2 3
1155,3,1,0.0,,
1156,1,1,0.0,,9
1157,2,1,0.0,,
1158,2,0,,,
1159,99,1,0.0,,
1160,4,0,,,8 9
1161,3,1,0.0,,
1162,3,1,0.0,,1 2
1163,4,1,0.0,,
1164,2,1,0.0,,2
1165,2,1,0.0,,
1166,1,1,0.0,,
1167,2,0,,,
1168,2,1,0.0,,4 8
1169,3,1,0.0,,2 3
1170,3,0,,,
1171,2,1,0.0,,4 7
1172,2,1,0.0,,
1173,3,0,,,
1174,1,0,,,
1175,3,1,0.0,,4 5
1176,3,0,,,
1177,3,0,,,
1178,1,0,,,
1179,2,0,,,
1180,3,0,,,
1181,4,1,0.0,,4 3
1182,2,0,,,
1183,4,0,,,
1184,3,0,,,9
1185,2,1,0.0,,
1186,2,0,,,1 2
1187,4,0,,,
1188,3,0,,,3 4 6
1189,1,0,,,
1190,3,0,,,3 4
1191,2,0,,,
1192,4,1,0.0,,9 4
1193,4,1,0.0,,4
1194,3,1,0.0,,
1195,4,0,,,
1196,3,0,,,7 5 1
1197,3,0,,,
1198,1,0,,,
1199,2,0,,,
1200,1,0,,,
1201,2,0,,,
1202,2,1,0.0,,
1203,3,0,,,
1204,2,0,,,
1205,2,1,0.0,,
1206,2,1,0.0,,
1207,3,0,,,
1208,2,1,0.0,,
1209,4,0,,,
1210,2,1,0.0,,
1211,3,1,0.0,,
1212,2,1,0.0,,
1213,2,0,,,
1214,2,0,,,
1215,3,0,,,
1216,3,0,,,
1217,2,0,,,
1218,2,1,1.0,1.0,
1219,2,1,0.0,,3 4 8
1220,1,1,0.0,,
1221,4,1,0.0,,3 4 9
1222,2,1,0.0,,
1223,2,1,0.0,,
1224,3,0,,,
1225,2,1,0.0,,4 1
1226,2,1,0.0,,3 4
1227,2,1,0.0,,
1228,2,1,0.0,,4
1229,4,1,0.0,,4
1230,3,1,0.0,,
1231,2,0,,,
1232,2,0,,,
1233,2,0,,,
1234,2,1,0.0,,
1235,2,0,,,
1236,2,1,1.0,1.0,
1237,1,1,0.0,,
1238,1,0,,,
1239,2,1,0.0,,
1240,2,0,,,
1241,2,0,,,
1242,2,1,0.0,,1 7
1243,2,1,0.0,,
1244,2,1,0.0,,
1245,2,0,,,
1246,2,1,0.0,,
1247,4,1,0.0,,
1248,3,1,0.0,,
1249,3,1,0.0,,
1250,3,0,,,
1251,2,1,0.0,,
1252,2,0,,,
1253,2,0,,,
1254,2,0,,,
1255,1,0,,,
1256,99,0,,,
1257,1,0,,,
1258,2,0,,,
1259,1,0,,,
1260,2,1,1.0,0.0,7
1261,1,1,1.0,1.0,
1262,3,1,0.0,,
1263,2,0,,,
1264,1,0,,,
1265,4,0,,,
1266,2,1,0.0,,
1267,3,1,0.0,,
1268,2,0,,,
1269,2,1,99.0,,1 7
1270,2,0,,,
1271,3,0,,,
1272,3,1,0.0,,
1273,3,0,,,
1274,3,1,0.0,,
1275,3,1,0.0,,
1276,3,1,0.0,,4 5
1277,2,1,0.0,,
1278,2,0,,,
1279,2,0,,,
1280,3,0,,,
1281,2,0,,,
1282,2,0,,,
1283,3,0,,,4 1 9
1284,2,0,,,
1285,1,1,1.0,1.0,
1286,2,0,,,
1287,1,1,1.0,1.0,
1288,2,0,,,
1289,2,1,0.0,,3 4 9
1290,1,1,0.0,,
1291,2,1,0.0,,
1292,2,0,,,
1293,3,0,,,
1294,1,1,1.0,0.0,
1295,1,0,,,
1296,2,0,,,7
1297,1,0,,,
1298,3,1,1.0,1.0,
1299,1,0,,,
1300,1,1,1.0,1.0,
1301,4,0,,,
1302,1,1,0.0,,
1303,1,1,1.0,0.0,
1304,2,0,,,
1305,2,1,1.0,1.0,
1306,2,1,0.0,,
1307,2,1,0.0,,
1308,2,0,,,
1309,3,0,,,
1310,4,0,,,
1311,2,0,,,
1312,2,1,0.0,,
1313,4,1,0.0,,
1314,2,0,,,
1315,2,0,,,
1316,1,1,0.0,,
1317,1,0,,,
1318,2,0,,,
1319,1,0,,,
1320,3,1,0.0,,
1321,4,1,0.0,,
1322,3,0,,,
1323,3,0,,,
1324,2,0,,,
1325,3,0,,,
1326,2,0,,,
1327,2,0,,,
1328,3,0,,,
1329,3,0,,,
1330,3,0,,,
1331,2,0,,,
1332,2,0,,,
1333,2,0,,,
1334,2,0,,,
1335,1,0,,,
1336,2,0,,,
1337,4,0,,,
1338,4,1,0.0,,1
1339,3,1,0.0,,
1340,3,0,,,
1341,3,0,,,
1342,3,0,,,
1343,3,1,0.0,,
1344,2,1,0.0,,
1345,3,1,0.0,,3 4
1346,3,0,,,
1347,3,1,0.0,,
1348,2,0,,,
1349,1,0,,,
1350,1,0,,,
1351,1,0,,,
1352,4,1,0.0,,
1353,4,1,0.0,,
1354,4,1,0.0,,
1355,2,0,,,
1356,2,1,0.0,,4
1357,2,1,0.0,,4
1358,3,0,,,
1359,3,0,,,
1360,3,0,,,
1361,1,1,0.0,,
1362,3,1,0.0,,3
1363,1,0,,,
1364,3,0,,,
1365,2,1,0.0,,7
1366,4,1,0.0,,9
1367,3,1,0.0,,4
1368,2,1,1.0,0.0,5
1369,2,1,0.0,,
1370,2,0,,,7
1371,2,1,1.0,1.0,7
1372,3,0,,,
1373,2,0,,,
1374,4,1,1.0,0.0,
1375,3,0,,,
1376,3,0,,,
1377,2,1,0.0,,1 3
1378,2,0,,,
1379,3,0,,,
1380,2,1,0.0,,
1381,2,0,,,
1382,3,1,1.0,0.0,
1383,2,1,1.0,0.0,
1384,2,1,0.0,,
1385,2,1,0.0,,
1386,2,0,,,
1387,2,1,0.0,,
1388,2,0,,,
1389,2,0,,,
1390,2,1,0.0,,1 3 5
1391,2,0,,,
1392,2,0,,,
1393,1,0,,,9
1394,4,0,,,
1395,2,1,0.0,,1 7 8
1396,2,0,,,
1397,2,0,,,
1398,2,1,0.0,,1 5
1399,2,0,,,
1400,1,1,0.0,,
1401,4,0,,,4 1
1402,2,1,1.0,1.0,
1403,2,0,,,3
1404,2,1,0.0,,
1405,2,0,,,
1406,2,1,0.0,,2
1407,2,0,,,
1408,2,1,0.0,,
1409,4,99,,,3 9
1410,4,0,,,
1411,1,0,,,
1412,1,1,0.0,,9
1413,1,1,0.0,,3
1414,1,0,,,3
1415,3,1,0.0,,7
1416,4,1,0.0,,
1417,2,0,,,
1418,4,0,,,
1419,4,0,,,
1420,4,1,0.0,,
1421,4,0,,,
1422,4,0,,,
1423,4,0,,,
1424,2,0,,,9
1425,3,0,,,
1426,2,1,0.0,,7 3 4
1427,4,0,,,
1428,2,1,0.0,,
1429,3,1,0.0,,
1430,3,1,0.0,,
1431,3,0,,,
1432,2,1,1.0,0.0,8 4
1433,2,1,0.0,,7 8 4
1434,3,1,0.0,,
1435,3,0,,,
1436,3,1,1.0,0.0,3
1437,2,0,,,
1438,2,0,,,
1439,3,0,,,
1440,4,1,0.0,,
1441,2,1,0.0,,
1442,3,0,,,
1443,2,0,,,3
1444,2,1,0.0,,
1445,1,1,0.0,,
1446,2,1,0.0,,
1447,4,1,0.0,,1 4 6
1448,3,1,0.0,,
1449,2,1,0.0,,
1450,2,0,,,
1451,2,0,,,
1452,2,1,0.0,,1
1453,3,0,,,
1454,3,1,0.0,,
1455,2,1,0.0,,1 6 4
1456,3,1,0.0,,
1457,2,0,,,
1458,3,0,,,
1459,2,0,,,
1460,2,0,,,
1461,1,0,,,
1462,4,1,1.0,0.0,
1463,3,0,,,
1464,4,0,,,
1465,1,0,,,
1466,1,1,0.0,,
1467,1,1,0.0,,
1468,1,1,0.0,,
1469,1,0,,,
1470,4,1,0.0,,
1471,3,1,0.0,,
1472,3,1,1.0,0.0,
1473,1,1,0.0,,
1474,4,0,,,
1475,3,0,,,
1476,2,1,0.0,,
1477,3,0,,,
1478,3,1,0.0,,4 3
1479,3,1,0.0,,7 8
1480,3,0,,,
1481,3,0,,,
1482,2,0,,,
1483,2,0,,,
1484,1,0,,,
1485,4,0,,,
1486,1,1,0.0,,
1487,1,1,0.0,,
1488,1,0,,,
1489,4,1,0.0,,3
1490,2,1,0.0,,3
1491,2,0,,,1 2 3
1492,4,0,,,
1493,2,0,,,
1494,1,1,1.0,0.0,7 8 1
1495,2,1,0.0,,
1496,2,0,,,
1497,4,1,0.0,,
1498,3,0,,,
1499,3,1,0.0,,
1500,3,0,,,
1501,1,0,,,
1502,2,0,,,
1503,2,0,,,
1504,2,0,,,
1505,2,0,,,
1506,2,0,,,
1507,1,0,,,
1508,3,0,,,
1509,1,0,,,
1510,2,1,1.0,0.0,
1511,2,0,,,
1512,3,0,,,
1513,2,1,0.0,,1 2 8
1514,2,0,,,
1515,2,0,,,
1516,3,0,,,
1517,2,1,0.0,,
1518,3,1,0.0,,
1519,3,0,,,
1520,2,1,0.0,,
1521,3,1,0.0,,7
1522,3,0,,,
1523,3,0,,,
1524,2,1,0.0,,
1525,4,0,,,
1526,3,0,,,
1527,3,0,,,
1528,1,1,0.0,,
1529,4,0,,,4 5 7
1530,3,1,0.0,,5
1531,3,1,0.0,,1
1532,2,1,1.0,0.0,5
1533,2,0,,,
1534,1,0,,,
1535,4,0,,,
1536,1,1,0.0,,
1537,3,1,0.0,,
1538,4,1,0.0,,5 4 3
1539,1,0,,,
1540,4,1,1.0,1.0,8
1541,1,1,0.0,,
1542,1,0,,,
1543,1,0,,,
1544,1,1,0.0,,9
1545,4,1,1.0,1.0,
1546,4,1,0.0,,1 2 5
1547,4,1,0.0,,1 2 5
1548,4,1,1.0,1.0,
1549,4,1,1.0,0.0,1 4 2
1550,2,0,,,
1551,2,0,,,
1552,2,0,,,
1553,1,0,,,
1554,1,0,,,
1555,1,0,,,
1556,4,0,,,
1557,1,0,,,
1558,1,0,,,
1559,2,1,0.0,,
1560,3,1,0.0,,
1561,2,1,0.0,,3 4
1562,2,1,0.0,,4
1563,2,0,,,
1564,2,0,,,1 3
1565,2,0,,,2 4
1566,2,1,0.0,,
1567,4,1,0.0,,5
1568,4,0,,,
1569,2,1,0.0,,
1570,2,0,,,
1571,3,1,0.0,,
1572,4,1,0.0,,
1573,2,0,,,
1574,2,0,,,
1575,2,1,0.0,,
1576,3,1,0.0,,
1577,1,1,0.0,,7 9
1578,4,0,,,
1579,2,1,0.0,,8
1580,2,0,,,
1581,2,1,0.0,,99
1582,2,0,,,2 8
1583,2,0,,,
1584,2,1,0.0,,
1585,2,0,,,
1586,2,0,,,
1587,2,0,,,
1588,2,1,0.0,,6 7 8
1589,2,1,0.0,,9
1590,1,1,0.0,,
1591,3,1,0.0,,
1592,4,0,,,
1593,3,0,,,
1594,2,0,,,
1595,1,0,,,
1596,2,99,,,
1597,2,0,,,
1598,2,0,,,
1599,4,0,,,
1600,3,1,0.0,,
1601,2,0,,,
1602,3,1,0.0,,3
1603,3,0,,,
1604,3,0,,,
1605,2,0,,,
1606,2,1,0.0,,
1607,2,0,,,
1608,1,1,0.0,,9
1609,4,1,0.0,,8
1610,1,0,,,
1611,1,1,0.0,,99
1612,2,1,0.0,,9
1613,2,99,,,99
1614,2,0,,,
1615,1,0,,,5
1616,4,0,,,3 4 5
1617,3,0,,,
1618,2,1,0.0,,
1619,3,1,0.0,,3
1620,2,1,0.0,,
1621,2,1,0.0,,8
1622,4,1,0.0,,
1623,4,1,0.0,,
1624,3,0,,,
1625,3,0,,,
1626,2,0,,,
1627,4,0,,,
1628,2,1,0.0,,8
1629,4,1,0.0,,
1630,1,1,0.0,,
1631,4,1,0.0,,3 4 2
1632,4,1,1.0,0.0,4 5
1633,4,0,,,4
1634,2,1,0.0,,
1635,2,1,1.0,1.0,
1636,3,0,,,
1637,2,1,0.0,,
1638,3,1,1.0,1.0,9
1639,2,0,,,
1640,4,0,,,2 4
1641,2,1,0.0,,4
1642,3,0,,,7 3
1643,2,1,1.0,1.0,2
1644,2,1,1.0,0.0,3
1645,1,0,,,7
1646,3,1,0.0,,
1647,3,1,0.0,,7
1648,2,0,,,
1649,3,1,0.0,,
1650,3,1,0.0,,
1651,3,0,,,4 9 5
1652,3,0,,,
1653,2,0,,,
1654,3,0,,,
1655,2,0,,,
1656,2,1,0.0,,
1657,2,1,0.0,,
1658,2,0,,,
1659,2,0,,,
1660,2,0,,,
1661,2,1,0.0,,1
1662,2,0,,,
1663,1,1,1.0,0.0,
1664,2,1,0.0,,
1665,3,0,,,
1666,3,0,,,
1667,2,1,1.0,1.0,
1668,4,1,1.0,0.0,
1669,4,0,,,
1670,4,0,,,
1671,4,0,,,
1672,4,0,,,
1673,2,0,,,
1674,2,1,0.0,,
1675,4,1,0.0,,
1676,3,1,0.0,,
1677,2,0,,,
1678,4,1,0.0,,
1679,4,1,0.0,,
1680,2,0,,,
1681,2,0,,,
1682,2,1,0.0,,
1683,2,0,,,
1684,2,99,,,
1685,1,1,0.0,,
1686,1,1,0.0,,
1687,2,0,,,
1688,2,0,,,
1689,2,0,,,
1690,2,0,,,
1691,2,1,0.0,,
1692,2,1,0.0,,
1693,1,1,0.0,,3
1694,1,0,,,
1695,1,1,0.0,,
1696,1,1,0.0,,
1697,2,1,0.0,,
1698,1,0,,,
1699,1,0,,,
1700,2,1,0.0,,
1701,2,0,,,
1702,2,0,,,
1703,2,0,,,
1704,4,99,,,
1705,3,1,1.0,1.0,
1706,2,0,,,
1707,3,0,,,
1708,3,0,,,
1709,2,0,,,
1710,1,0,,,
1711,1,0,,,
1712,2,0,,,
1713,2,0,,,
1714,2,1,1.0,1.0,
1715,3,0,,,
1716,2,0,,,
1717,2,1,0.0,,
1718,4,1,0.0,,6 7
1719,2,0,,,
1720,1,0,,,8 6 7
1721,3,1,0.0,,
1722,3,0,,,
1723,1,0,,,6 8 7
1724,3,0,,,
1725,2,0,,,
1726,4,1,0.0,,
1727,1,0,,,
1728,4,0,,,
1729,2,0,,,
1730,4,0,,,
1731,2,0,,,
1732,4,0,,,
1733,4,0,,,
1734,4,0,,,
1735,1,0,,,
1736,1,0,,,
1737,1,0,,,
1738,1,0,,,
1739,3,1,0.0,,4 1
1740,2,1,0.0,,1
1741,3,0,,,
1742,2,1,0.0,,1
1743,1,1,1.0,1.0,
1744,2,0,,,
1745,2,0,,,
1746,3,1,1.0,1.0,
1747,1,1,0.0,,8
1748,2,0,,,
1749,3,1,1.0,1.0,
1750,2,1,0.0,,9
1751,2,0,,,
1752,2,1,1.0,0.0,
1753,1,0,,,
1754,1,1,0.0,,6
1755,2,1,0.0,,
1756,2,0,,,
1757,2,0,,,
1758,3,0,,,
1759,2,0,,,
1760,2,1,0.0,,
1761,2,1,0.0,,
1762,1,1,0.0,,
1763,2,1,0.0,,
1764,2,0,,,
1765,2,0,,,
1766,2,0,,,
1767,4,0,,,
1768,4,0,,,
1769,3,1,0.0,,
1770,4,0,,,
1771,4,1,0.0,,
1772,4,0,,,
1773,2,0,,,
1774,2,0,,,
1775,3,0,,,
1776,2,0,,,
1777,2,0,,,
1778,2,0,,,
1779,3,0,,,
1780,3,1,0.0,,1 2 4
1781,4,1,1.0,0.0,
1782,2,0,,,
1783,1,1,0.0,,7 6 8
1784,2,1,0.0,,
1785,2,0,,,
1786,1,0,,,1 8 7
1787,4,1,1.0,1.0,
1788,1,0,,,
1789,1,1,0.0,,
1790,2,0,,,
1791,2,0,,,
1792,2,1,0.0,,
1793,4,1,0.0,,
1794,2,0,,,
1795,4,1,0.0,,
1796,1,0,,,
1797,1,0,,,
1798,2,0,,,
1799,2,0,,,
1800,2,1,0.0,,
1801,2,0,,,
1802,3,0,,,
1803,2,0,,,
1804,2,0,,,
1805,2,0,,,
1806,2,1,0.0,,9
1807,3,1,0.0,,3 7 5
1808,1,0,,,
1809,2,1,0.0,,99
1810,3,1,1.0,1.0,
1811,1,1,0.0,,
1812,2,1,0.0,,
1813,3,1,0.0,,1 2 3
1814,3,1,0.0,,
1815,2,1,0.0,,
1816,4,0,,,
1817,4,1,99.0,,
1818,3,1,0.0,,4
1819,2,0,,,
1820,2,0,,,
1821,2,0,,,
1822,2,0,,,
1823,2,0,,,
1824,2,0,,,
1825,1,0,,,
1826,2,0,,,1 3 4
1827,2,1,0.0,,9
1828,2,1,0.0,,1 3
1829,2,1,0.0,,9
1830,2,1,0.0,,
1831,1,0,,,
1832,2,0,,,
1833,2,0,,,
1834,1,1,0.0,,
1835,1,0,,,
1836,2,0,,,
1837,1,0,,,
1838,3,0,,,
1839,3,0,,,
1840,3,0,,,
1841,2,0,,,
1842,3,1,0.0,,
1843,2,0,,,
1844,2,1,0.0,,
1845,2,0,,,
1846,2,0,,,
1847,2,0,,,
1848,2,0,,,
1849,2,0,,,
1850,3,0,,,
1851,3,1,0.0,,
1852,3,0,,,
1853,4,0,,,
1854,3,0,,,
1855,3,1,1.0,1.0,1 4 9
1856,2,1,0.0,,
1857,2,0,,,
1858,3,1,0.0,,
1859,2,0,,,9
1860,3,1,0.0,,7 8 1
1861,1,0,,,
1862,3,1,0.0,,7
1863,2,0,,,2 3
1864,2,0,,,
1865,3,1,0.0,,
1866,1,0,,,
1867,4,1,0.0,,1 3
1868,3,1,0.0,,1 3
1869,2,1,0.0,,1 2 4
1870,4,0,,,
1871,2,0,,,1 3
1872,99,0,,,
1873,2,1,0.0,,
1874,4,0,,,
1875,3,0,,,2
1876,99,0,,,
1877,2,0,,,
1878,2,0,,,
1879,2,1,0.0,,
1880,2,0,,,
1881,2,0,,,
1882,2,0,,,
1883,1,0,,,
1884,2,1,0.0,,7
1885,2,0,,,
1886,3,1,1.0,1.0,
1887,1,0,,,
1888,2,0,,,
1889,1,0,,,
1890,1,0,,,
1891,1,0,,,
1892,2,99,,,
1893,3,0,,,
1894,3,0,,,
1895,3,0,,,
1896,2,0,,,
1897,2,0,,,
1898,2,0,,,
1899,2,0,,,
1900,2,1,0.0,,
1901,2,1,0.0,,
1902,1,0,,,
1903,1,1,0.0,,
1904,1,0,,,6
1905,2,0,,,
1906,2,0,,,
1907,2,99,,,
1908,2,0,,,
1909,2,0,,,
1910,2,0,,,
1911,2,99,,,
1912,2,99,,,
1913,4,1,1.0,1.0,
1914,4,1,1.0,1.0,
1915,2,1,99.0,,
1916,4,1,0.0,,
1917,3,1,1.0,1.0,
1918,4,1,1.0,1.0,
1919,2,1,0.0,,
1920,99,99,,,
1921,2,99,,,
1922,2,1,1.0,0.0,
1923,2,1,1.0,1.0,
1924,4,0,,,
1925,2,0,,,
1926,2,1,0.0,,
1927,2,0,,,
1928,2,0,,,
1929,2,0,,,
1930,2,0,,,
1931,2,1,0.0,,
1932,2,0,,,
1933,2,0,,,
1934,3,0,,,
1935,3,1,0.0,,1 4
1936,1,0,,,
1937,2,0,,,
1938,4,1,0.0,,
1939,2,0,,,
1940,2,0,,,
1941,1,0,,,
1942,4,99,,,
1943,2,1,0.0,,6 4 5
1944,4,1,1.0,1.0,
1945,3,0,,,
1946,2,0,,,
1947,2,1,0.0,,
1948,1,0,,,
1949,3,1,0.0,,7
1950,2,0,,,1
1951,2,0,,,
1952,4,1,0.0,,8
1953,2,1,0.0,,9
1954,2,1,0.0,,
1955,1,0,,,
1956,1,1,0.0,,1 2 3
1957,1,0,,,
1958,1,0,,,
1959,3,1,0.0,,
1960,3,0,,,
1961,2,1,0.0,,
1962,2,1,0.0,,1
1963,4,1,0.0,,
1964,4,1,0.0,,1
1965,2,0,,,
1966,2,0,,,
1967,2,0,,,
1968,2,0,,,
1969,2,0,,,
1970,1,1,0.0,,1 3
1971,2,1,0.0,,
1972,2,0,,,
1973,1,0,,,
1974,1,1,0.0,,1
1975,1,0,,,
1976,1,0,,,
1977,1,0,,,
1978,1,0,,,
1979,2,0,,,
1980,2,1,0.0,,
1981,1,0,,,
1982,1,0,,,
1983,2,0,,,
1984,2,1,0.0,,
1985,2,1,0.0,,
1986,1,0,,,
1987,1,0,,,
1988,1,1,0.0,,
1989,2,99,,,
1990,2,0,,,
1991,3,99,,,
1992,3,99,,,3
1993,3,0,,,
1994,2,0,,,
1995,1,0,,,
1996,3,0,,,
1997,3,0,,,
1998,1,1,0.0,,
1999,2,0,,,
2000,2,1,0.0,,
2001,2,1,0.0,,1 2 3
2002,2,1,0.0,,
2003,2,1,0.0,,3 1
2004,3,0,,,1 3 6
2005,3,0,,,
2006,4,0,,,
2007,3,0,,,
2008,2,0,,,
2009,3,0,,,
2010,2,1,0.0,,
2011,4,1,0.0,,
2012,2,0,,,
2013,1,0,,,
2014,4,1,1.0,0.0,5
2015,1,1,0.0,,
2016,2,0,,,
2017,1,1,0.0,,
2018,2,1,0.0,,1 3 4
2019,1,1,0.0,,
2020,4,1,0.0,,3 5 4
2021,3,1,0.0,,
2022,3,0,,,
2023,2,1,0.0,,
2024,4,1,0.0,,
2025,1,0,,,
2026,4,0,,,
2027,4,0,,,
2028,2,0,,,
2029,2,1,0.0,,
2030,4,1,0.0,,
2031,2,1,0.0,,
2032,3,0,,,
2033,3,1,0.0,,1 3 6
2034,3,0,,,
2035,2,1,0.0,,5 4
2036,3,0,,,
2037,3,1,0.0,,3
2038,2,0,,,
2039,4,1,0.0,,
2040,4,1,0.0,,
2041,3,1,0.0,,
2042,1,1,0.0,,3
2043,3,1,0.0,,
2044,3,1,1.0,1.0,
2045,3,0,,,
2046,2,0,,,
2047,2,1,0.0,,
2048,3,1,0.0,,
2049,4,0,,,
2050,3,1,0.0,,
2051,4,0,,,
2052,2,0,,,
2053,2,0,,,
2054,1,0,,,
2055,1,1,1.0,0.0,
2056,2,0,,,
2057,2,0,,,
2058,3,0,,,
2059,3,0,,,
2060,2,1,0.0,,
2061,2,1,0.0,,
2062,3,0,,,
2063,2,1,0.0,,
2064,2,0,,,
2065,1,0,,,9
2066,3,0,,,
2067,2,0,,,
2068,3,1,0.0,,
2069,2,0,,,
2070,3,0,,,
2071,2,0,,,
2072,2,0,,,
2073,2,0,,,
2074,2,0,,,
2075,2,0,,,
2076,2,0,,,
2077,1,0,,,
2078,1,0,,,
2079,1,0,,,
2080,1,1,0.0,,
2081,2,0,,,
2082,2,0,,,
2083,3,0,,,
2084,2,0,,,
2085,3,1,0.0,,1 4 5
2086,2,0,,,
2087,2,1,0.0,,2 4 6
2088,2,0,,,
2089,2,0,,,
2090,2,1,0.0,,
2091,2,0,,,
2092,1,0,,,
2093,2,0,,,
2094,2,0,,,
2095,3,1,0.0,,
2096,3,0,,,
2097,2,0,,,
2098,4,0,,,
2099,1,0,,,
2100,4,1,0.0,,8
2101,2,1,0.0,,9
2102,2,0,,,
2103,2,1,0.0,,
2104,2,1,0.0,,
2105,2,0,,,
2106,1,1,0.0,,
2107,2,1,0.0,,
2108,1,0,,,
2109,2,0,,,
2110,3,1,0.0,,
2111,1,0,,,
2112,2,0,,,
2113,2,0,,,
2114,2,0,,,
2115,2,0,,,
2116,2,0,,,
2117,2,0,,,
2118,2,0,,,
2119,1,0,,,
2120,1,1,0.0,,
2121,1,1,0.0,,4
2122,3,1,0.0,,4 3
2123,2,0,,,
2124,4,99,,,5
2125,2,0,,,
2126,3,0,,,
2127,1,1,0.0,,
2128,1,0,,,
2129,3,0,,,
2130,2,0,,,
2131,3,0,,,
2132,2,0,,,
2133,2,99,,,
2134,1,99,,,
2135,1,0,,,
2136,2,0,,,
2137,1,0,,,
2138,1,0,,,
2139,2,0,,,
2140,2,0,,,
2141,2,0,,,
2142,2,0,,,
2143,3,0,,,
2144,3,0,,,
2145,3,0,,,
2146,2,0,,,
2147,3,0,,,
2148,2,0,,,
2149,2,0,,,
2150,2,0,,,
2151,2,0,,,
2152,3,0,,,
2153,2,0,,,
2154,1,0,,,
2155,2,0,,,
2156,4,1,0.0,,4
2157,3,0,,,
2158,2,0,,,
2159,2,0,,,
2160,2,0,,,
2161,2,0,,,
2162,2,0,,,
2163,2,0,,,
2164,2,0,,,
2165,2,0,,,
2166,4,1,1.0,0.0,
2167,2,0,,,3
2168,4,1,0.0,,
2169,4,1,0.0,,
2170,2,1,0.0,,
2171,1,0,,,
2172,1,1,0.0,,
2173,3,0,,,
2174,2,0,,,
2175,2,0,,,
2176,3,0,,,
2177,3,1,0.0,,
2178,1,0,,,
2179,2,0,,,
2180,1,0,,,
2181,2,0,,,7 4 1
2182,2,0,,,
2183,4,1,0.0,,1 3 2
2184,2,1,0.0,,1 6 2
2185,3,0,,,
2186,3,0,,,
2187,3,1,0.0,,1 6 7
2188,3,0,,,
2189,3,0,,,
2190,2,1,0.0,,1 5 7
2191,2,1,0.0,,
2192,2,1,0.0,,1
2193,4,1,1.0,0.0,
2194,2,0,,,
2195,2,1,0.0,,3 6
2196,2,0,,,
2197,1,1,0.0,,1 3 6
2198,4,0,,,
2199,3,0,,,
2200,3,0,,,
2201,3,1,0.0,,1 5 6
2202,4,0,,,
2203,2,0,,,3
2204,2,1,0.0,,3 4
2205,2,0,,,
2206,3,0,,,3 6
2207,2,0,,,
2208,3,0,,,
2209,3,1,0.0,,3
2210,3,0,,,
2211,3,0,,,
2212,2,1,0.0,,2 7 6
2213,1,1,0.0,,1 4 5
2214,4,1,0.0,,1 4 5
2215,1,1,0.0,,1 3 9
2216,1,0,,,
2217,2,0,,,
2218,2,0,,,7 2
2219,2,0,,,
2220,2,0,,,
2221,2,1,0.0,,
2222,2,1,0.0,,
2223,2,1,0.0,,7
2224,3,1,0.0,,
2225,3,1,0.0,,
2226,3,1,0.0,,
2227,3,0,,,
2228,3,1,0.0,,
2229,1,1,0.0,,
2230,2,1,0.0,,4 7
2231,2,1,0.0,,
2232,4,0,,,
2233,4,0,,,
2234,2,0,,,1 2
2235,4,0,,,
2236,2,0,,,
2237,3,0,,,
2238,3,0,,,
2239,2,1,0.0,,3 4 7
2240,2,0,,,
2241,1,0,,,
2242,1,0,,,
2243,2,0,,,
2244,1,0,,,
2245,1,0,,,
2246,1,0,,,
2247,1,1,0.0,,
2248,2,0,,,
2249,2,1,0.0,,
2250,2,0,,,
2251,2,1,0.0,,
2252,2,1,0.0,,2
2253,1,0,,,
2254,2,0,,,
2255,4,0,,,
2256,1,1,1.0,1.0,
2257,2,0,,,
2258,2,1,0.0,,5
2259,2,1,0.0,,7
2260,1,0,,,
2261,4,1,0.0,,3 4
2262,4,1,0.0,,
2263,4,0,,,
2264,3,0,,,
2265,3,0,,,
2266,3,0,,,
2267,3,0,,,
2268,1,0,,,
2269,2,1,0.0,,
2270,2,0,,,
2271,2,1,0.0,,
2272,2,1,0.0,,1 4 7
2273,2,1,0.0,,1 2 7
2274,2,1,0.0,,
2275,2,0,,,
2276,4,1,0.0,,
2277,2,0,,,
2278,3,0,,,
2279,3,0,,,
2280,4,0,,,2 3 4
2281,3,1,0.0,,
2282,2,0,,,
2283,2,0,,,
2284,2,0,,,
2285,3,0,,,5
2286,1,0,,,5
2287,1,0,,,
2288,2,0,,,
2289,3,0,,,
2290,2,0,,,
2291,4,1,0.0,,5
2292,3,99,,,5
2293,3,1,0.0,,
2294,3,0,,,
2295,3,1,0.0,,1 4
2296,3,1,0.0,,
2297,4,0,,,
2298,3,1,0.0,,
2299,4,1,0.0,,
2300,3,0,,,
2301,3,1,0.0,,5
2302,3,99,,,
2303,2,0,,,
2304,2,0,,,
2305,3,1,1.0,1.0,
2306,1,1,0.0,,
2307,3,0,,,2 6 7
2308,2,0,,,
2309,1,0,,,
2310,1,0,,,
2311,3,0,,,5 4
2312,4,0,,,
2313,3,1,0.0,,
2314,3,1,0.0,,9
2315,4,0,,,
2316,3,0,,,
2317,4,0,,,
2318,4,99,,,
2319,4,0,,,
2320,4,1,99.0,,
2321,4,0,,,
2322,3,99,,,
2323,2,0,,,
2324,4,1,0.0,,
2325,2,1,1.0,1.0,
2326,2,1,0.0,,2 3
2327,1,1,0.0,,3 4
2328,2,0,,,
2329,2,0,,,3 4 5
2330,2,0,,,
2331,2,1,0.0,,3 4 5
2332,3,1,0.0,,
2333,2,0,,,
2334,2,1,0.0,,5
2335,3,0,,,
2336,2,0,,,
2337,1,0,,,
2338,4,1,0.0,,2
2339,2,1,0.0,,7
2340,4,0,,,
2341,2,0,,,
2342,2,1,0.0,,
2343,3,0,,,
2344,3,0,,,3 7
2345,4,1,1.0,0.0,
2346,3,0,,,
2347,1,0,,,1
2348,1,0,,,
2349,2,0,,,1
2350,1,0,,,
2351,2,0,,,
2352,4,1,0.0,,
2353,2,0,,,
2354,2,0,,,
2355,2,0,,,
2356,2,0,,,7
2357,2,1,0.0,,
2358,2,0,,,
2359,2,1,0.0,,
2360,2,1,1.0,1.0,
2361,4,0,,,
2362,2,0,,,
2363,2,0,,,
2364,4,1,0.0,,4 3
2365,4,1,0.0,,
2366,3,1,0.0,,3 4
2367,4,1,0.0,,3 4
2368,2,0,,,
2369,2,0,,,
2370,2,0,,,
2371,4,1,0.0,,
2372,4,1,0.0,,
2373,4,1,0.0,,1 3 5
2374,2,0,,,
2375,2,0,,,
2376,3,1,0.0,,
2377,4,0,,,
2378,3,1,0.0,,7 4 3
2379,2,0,,,
2380,3,1,0.0,,3 4 5
2381,1,0,,,7 3
2382,3,1,0.0,,3 4
2383,4,1,0.0,,
2384,2,1,0.0,,
2385,2,1,0.0,,
2386,2,1,0.0,,
2387,2,1,0.0,,3
2388,2,1,1.0,0.0,3 4
2389,2,1,0.0,,
2390,2,1,0.0,,
2391,3,1,0.0,,
2392,4,1,1.0,1.0,
2393,3,0,,,
2394,2,0,,,
2395,3,1,0.0,,
2396,1,1,0.0,,
2397,3,1,0.0,,
2398,3,99,,,
2399,2,0,,,
2400,2,1,0.0,,
2401,3,0,,,
2402,3,0,,,9
2403,4,1,1.0,0.0,
2404,3,1,0.0,,
2405,2,1,0.0,,
2406,3,0,,,
2407,3,1,0.0,,3 4
2408,3,0,,,
2409,3,1,0.0,,
2410,2,0,,,
2411,3,0,,,
2412,3,0,,,3 4
2413,4,1,0.0,,3 4 5
2414,4,1,1.0,1.0,1 5
2415,3,1,0.0,,
2416,4,1,0.0,,5 7
2417,4,0,,,
2418,2,1,0.0,,1 3
2419,3,1,0.0,,
2420,4,0,,,
2421,1,0,,,1 7 9
2422,2,1,0.0,,1 3 5
2423,2,1,0.0,,1 2
2424,2,1,0.0,,1 3 4
2425,3,0,,,8
2426,2,1,0.0,,
2427,2,1,0.0,,
2428,3,0,,,
2429,2,0,,,
2430,3,0,,,
2431,2,1,1.0,1.0,1
2432,1,0,,,
2433,3,0,,,
2434,4,1,0.0,,3
2435,3,1,0.0,,
2436,2,0,,,
2437,3,1,1.0,1.0,
2438,2,1,1.0,1.0,
2439,2,1,1.0,1.0,
2440,1,1,1.0,1.0,
2441,2,0,,,
2442,1,1,0.0,,
2443,1,1,1.0,1.0,
2444,1,1,1.0,0.0,1 7
2445,2,1,0.0,,
2446,1,1,1.0,1.0,
2447,1,1,0.0,,
2448,2,1,1.0,1.0,
2449,2,0,,,
2450,2,0,,,
2451,2,1,0.0,,
2452,3,0,,,
2453,3,0,,,
2454,1,0,,,
2455,3,0,,,
2456,2,0,,,
2457,2,0,,,
2458,2,1,0.0,,
2459,4,1,1.0,0.0,
2460,1,1,0.0,,
2461,2,1,0.0,,
2462,2,0,,,
2463,1,1,0.0,,
2464,2,0,,,
2465,3,0,,,
2466,2,0,,,
2467,1,0,,,
2468,2,0,,,
2469,1,0,,,
2470,1,0,,,
2471,2,99,,,
2472,3,0,,,
2473,3,1,0.0,,
2474,3,0,,,
2475,2,1,0.0,,
2476,3,1,0.0,,7 2
2477,2,0,,,
2478,2,0,,,
2479,2,1,0.0,,9
2480,2,1,0.0,,2
2481,3,1,0.0,,2
2482,2,0,,,
2483,2,0,,,
2484,2,1,0.0,,5
2485,2,1,0.0,,2
2486,99,1,0.0,,2
2487,2,0,,,
2488,2,1,0.0,,9
2489,3,1,0.0,,3 4
2490,2,1,1.0,0.0,
2491,2,1,0.0,,
2492,4,1,0.0,,99
2493,3,1,99.0,,99
2494,2,1,0.0,,
2495,3,1,1.0,0.0,
2496,3,1,0.0,,
2497,1,0,,,
2498,2,0,,,
2499,1,1,0.0,,
2500,3,0,,,
2501,3,1,0.0,,
2502,1,0,,,
2503,1,0,,,
2504,1,0,,,
2505,4,1,1.0,0.0,2 3
2506,2,0,,,
2507,1,0,,,
2508,3,1,1.0,0.0,
2509,2,1,0.0,,8 7 9
2510,1,0,,,
2511,2,0,,,
2512,2,1,99.0,,
2513,3,0,,,
2514,2,0,,,
2515,1,0,,,
2516,4,1,0.0,,
2517,3,0,,,
2518,1,1,0.0,,3
2519,1,1,0.0,,
2520,1,1,0.0,,
2521,3,0,,,
2522,2,1,0.0,,1
2523,2,1,0.0,,
2524,2,0,,,
2525,4,0,,,
2526,2,1,0.0,,
2527,2,1,0.0,,
2528,2,0,,,
2529,1,0,,,
2530,2,1,0.0,,3 7
2531,2,1,0.0,,
2532,2,1,0.0,,1 2 3
2533,2,0,,,
2534,2,1,0.0,,
2535,2,0,,,
2536,3,0,,,
2537,2,0,,,
2538,2,0,,,
2539,2,0,,,
2540,3,0,,,
2541,2,0,,,
2542,1,0,,,
2543,2,1,0.0,,6
2544,2,1,0.0,,1 3
2545,1,1,0.0,,
2546,4,0,,,
2547,3,1,0.0,,1 3
2548,3,0,,,
2549,3,1,0.0,,7 4
2550,2,1,0.0,,
2551,2,0,,,
2552,2,0,,,
2553,3,0,,,
2554,2,0,,,1
2555,3,1,1.0,0.0,
2556,2,1,1.0,0.0,
2557,4,1,0.0,,1 3 5
2558,3,1,0.0,,5 3 4
2559,2,1,0.0,,
2560,2,1,0.0,,
2561,2,0,,,
2562,2,0,,,
2563,1,0,,,
2564,2,0,,,
2565,3,0,,,
2566,3,0,,,
2567,2,0,,,
2568,2,0,,,
2569,3,0,,,
2570,3,1,0.0,,
2571,2,0,,,
2572,2,0,,,
2573,2,99,,,
2574,2,1,0.0,,
2575,3,1,1.0,1.0,
2576,2,1,0.0,,9
2577,2,0,,,
2578,4,1,0.0,,
2579,3,0,,,
2580,3,0,,,
2581,1,1,1.0,1.0,
2582,3,1,0.0,,
2583,2,0,,,
2584,2,1,0.0,,
2585,4,1,0.0,,
2586,2,0,,,
2587,2,0,,,
2588,3,0,,,
2589,2,1,0.0,,
2590,2,0,,,
2591,1,0,,,
2592,2,0,,,
2593,2,0,,,
2594,1,0,,,
2595,2,1,0.0,,
2596,3,0,,,
2597,2,0,,,
2598,3,0,,,
2599,1,0,,,
2600,4,1,0.0,,
2601,1,0,,,1 9
2602,1,1,0.0,,
2603,1,1,0.0,,
2604,2,1,0.0,,
2605,4,0,,,
2606,2,0,,,
2607,1,0,,,
2608,2,1,0.0,,1 3
2609,4,0,,,
2610,2,0,,,
2611,1,0,,,
2612,2,1,0.0,,
2613,1,0,,,
2614,2,1,0.0,,
2615,2,0,,,
2616,1,0,,,
2617,2,1,0.0,,9
2618,1,0,,,
2619,2,0,,,
2620,1,1,1.0,1.0,
2621,2,0,,,
2622,4,0,,,
2623,3,0,,,
2624,4,1,0.0,,
2625,1,1,0.0,,3 6 9
2626,3,0,,,
2627,3,0,,,
2628,3,1,0.0,,
2629,3,0,,,
2630,1,0,,,
2631,3,1,0.0,,3
2632,2,0,,,
2633,3,1,0.0,,3 4
2634,3,1,0.0,,
2635,2,1,0.0,,
2636,1,0,,,
2637,1,1,0.0,,1 6 7
2638,1,0,,,
2639,1,1,0.0,,
2640,3,1,0.0,,5 4 7
2641,3,0,,,
2642,2,1,0.0,,
2643,2,1,0.0,,4
2644,2,0,,,
2645,3,0,,,
2646,3,0,,,
2647,2,0,,,
2648,1,0,,,
2649,4,0,,,
2650,3,1,0.0,,
2651,2,0,,,
2652,4,1,0.0,,8
2653,2,0,,,
2654,3,0,,,
2655,2,1,0.0,,
2656,2,1,0.0,,4
2657,4,1,0.0,,
2658,4,0,,,
2659,4,0,,,
2660,2,0,,,5
2661,3,1,0.0,,3 5 7
2662,1,0,,,
2663,1,1,0.0,,
2664,1,1,0.0,,
2665,2,0,,,
2666,2,1,0.0,,
2667,1,99,,,
2668,3,0,,,
2669,2,0,,,
2670,2,1,0.0,,
2671,3,0,,,
2672,2,0,,,
2673,1,0,,,
2674,2,0,,,
2675,2,1,0.0,,
2676,1,0,,,
2677,1,1,0.0,,
2678,3,0,,,
2679,2,0,,,
2680,2,0,,,
2681,2,0,,,
2682,3,0,,,
2683,4,1,1.0,0.0,1
2684,2,0,,,
2685,2,0,,,
2686,2,0,,,
2687,3,1,0.0,,
2688,3,0,,,
2689,1,0,,,
2690,2,99,,,7 8 6
2691,4,0,,,
2692,1,1,0.0,,4 5
2693,3,0,,,
2694,2,1,0.0,,
2695,3,1,0.0,,
2696,1,0,,,
2697,4,1,0.0,,
2698,3,1,0.0,,
2699,3,0,,,
2700,3,0,,,
2701,4,0,,,
2702,1,1,0.0,,7
2703,2,1,0.0,,
2704,2,1,0.0,,
2705,2,1,1.0,1.0,
2706,2,0,,,
2707,2,1,0.0,,
2708,2,1,99.0,,6
2709,1,0,,,
2710,1,0,,,
2711,1,0,,,
2712,1,0,,,1 2 8
2713,3,1,1.0,1.0,
2714,2,0,,,
2715,2,0,,,
2716,2,0,,,
2717,2,0,,,
2718,3,0,,,
2719,2,0,,,
2720,3,0,,,
2721,2,0,,,
2722,1,0,,,
2723,3,0,,,
2724,4,0,,,
2725,2,1,0.0,,
2726,2,0,,,
2727,1,0,,,
2728,3,0,,,
2729,1,0,,,
2730,1,0,,,1
2731,2,0,,,1 2
2732,3,0,,,
2733,3,1,0.0,,1 7
2734,2,1,0.0,,1 2
2735,1,1,0.0,,
2736,2,1,0.0,,9
2737,1,1,1.0,1.0,
2738,2,0,,,
2739,3,0,,,
2740,3,0,,,
2741,3,0,,,
2742,3,1,0.0,,
2743,2,0,,,
2744,2,1,0.0,,
2745,2,0,,,
2746,3,0,,,
2747,3,0,,,
2748,3,1,0.0,,
2749,3,0,,,
2750,2,0,,,
2751,2,0,,,
2752,3,0,,,
2753,3,1,0.0,,
2754,3,0,,,
2755,2,1,0.0,,
2756,2,1,0.0,,
2757,2,1,0.0,,
2758,2,0,,,
2759,2,1,0.0,,3 4 5
2760,1,0,,,7
2761,2,0,,,
2762,2,0,,,
2763,2,0,,,
2764,2,0,,,
2765,2,0,,,
2766,2,0,,,
2767,4,1,0.0,,4 3
2768,2,0,,,
2769,3,0,,,
2770,3,99,,,8
2771,3,0,,,
2772,4,0,,,
2773,2,0,,,
2774,1,1,0.0,,6
2775,2,0,,,
2776,2,0,,,
2777,2,0,,,
2778,2,0,,,
2779,99,0,,,
2780,2,0,,,
2781,3,0,,,
2782,2,0,,,
2783,2,0,,,
2784,3,0,,,
2785,1,1,0.0,,
2786,1,0,,,
2787,2,1,0.0,,
2788,2,1,1.0,0.0,1
2789,3,1,0.0,,
2790,2,1,0.0,,1
2791,1,1,0.0,,1
2792,2,1,0.0,,7 3
2793,3,0,,,
2794,1,0,,,
2795,2,0,,,
2796,1,0,,,
2797,1,1,0.0,,
2798,1,0,,,
2799,4,0,,,
2800,3,0,,,4 5
2801,2,1,0.0,,
2802,4,0,,,4 5
2803,4,0,,,
2804,2,1,0.0,,
2805,2,0,,,
2806,3,0,,,
2807,2,0,,,
2808,3,1,0.0,,5
2809,4,0,,,
2810,3,0,,,
2811,4,1,0.0,,1 7
2812,4,0,,,3 4
2813,4,1,0.0,,3
2814,3,1,0.0,,7
2815,2,0,,,
2816,3,1,0.0,,5
2817,3,1,0.0,,
2818,4,1,0.0,,8 1
2819,4,0,,,
2820,2,0,,,
2821,1,0,,,7
2822,3,0,,,
2823,3,0,,,
2824,3,1,0.0,,9
2825,2,1,0.0,,9
2826,3,0,,,7
2827,3,0,,,7
2828,2,0,,,
2829,3,0,,,
2830,2,0,,,
2831,3,0,,,
2832,2,0,,,
2833,3,1,0.0,,
2834,3,0,,,
2835,2,1,0.0,,
2836,2,1,0.0,,
2837,3,1,1.0,0.0,
2838,2,1,0.0,,1 2 3
2839,2,1,0.0,,3 4 7
2840,3,0,,,
2841,2,0,,,
2842,2,0,,,
2843,4,1,0.0,,4 3
2844,3,0,,,
2845,2,0,,,
2846,2,0,,,
2847,1,0,,,7
2848,2,0,,,9 4
2849,3,0,,,
2850,1,0,,,
2851,4,0,,,
2852,2,0,,,
2853,2,0,,,
2854,4,0,,,
2855,2,0,,,
2856,2,1,0.0,,4
2857,2,0,,,
2858,2,0,,,
2859,2,1,0.0,,3 4
2860,1,1,0.0,,
2861,4,0,,,2
2862,4,1,0.0,,
2863,3,0,,,
2864,2,0,,,
2865,3,0,,,
2866,1,1,0.0,,
2867,2,0,,,
2868,4,1,0.0,,5
2869,4,0,,,
2870,3,0,,,
2871,2,1,0.0,,
2872,3,1,0.0,,
2873,4,0,,,
2874,2,1,0.0,,
2875,4,1,1.0,0.0,5
2876,3,1,1.0,0.0,3 4 5
2877,2,1,0.0,,
2878,2,1,0.0,,2 3 6
2879,3,0,,,
2880,2,1,0.0,,1 2 4
2881,2,0,,,
2882,2,1,1.0,1.0,
2883,2,0,,,
2884,2,1,0.0,,3 5
2885,2,1,0.0,,
2886,4,0,,,
2887,99,1,0.0,,7
2888,2,1,0.0,,8
2889,4,1,0.0,,8
2890,4,1,0.0,,3
2891,4,1,0.0,,3
2892,2,1,0.0,,7
2893,3,1,99.0,,7
2894,2,1,0.0,,
2895,3,0,,,
2896,2,1,1.0,0.0,1 3
2897,4,1,0.0,,
2898,3,1,0.0,,2
2899,2,1,0.0,,9
2900,4,1,99.0,,4
2901,3,1,0.0,,4 3 8
2902,3,1,0.0,,4 3 7
2903,3,0,,,
2904,3,1,0.0,,
2905,2,1,0.0,,4 3 6
2906,4,0,,,
2907,3,1,0.0,,3 4 5
2908,3,1,0.0,,9
2909,2,1,0.0,,
2910,2,1,0.0,,3
2911,2,0,,,
2912,4,1,1.0,0.0,4 3
2913,3,1,0.0,,4 3
2914,4,1,1.0,0.0,
2915,4,1,0.0,,
2916,4,1,0.0,,
2917,2,1,0.0,,3 4
2918,3,1,0.0,,
2919,3,0,,,4 3
2920,4,1,0.0,,
2921,4,1,0.0,,3
2922,3,0,,,
2923,3,1,0.0,,7
2924,3,1,0.0,,3 6 7
2925,3,1,0.0,,4 5
2926,4,1,0.0,,4 5
2927,3,1,0.0,,3 4
2928,3,0,,,
2929,2,1,0.0,,
2930,4,0,,,
2931,2,0,,,
2932,2,0,,,
2933,99,0,,,
2934,4,0,,,
2935,3,0,,,
2936,3,1,0.0,,
2937,3,1,0.0,,3 4 6
2938,2,0,,,
2939,3,0,,,
2940,3,0,,,
2941,2,0,,,
2942,4,0,,,
2943,3,1,0.0,,
2944,2,0,,,
2945,3,1,0.0,,4 9
2946,2,0,,,4 9
2947,4,1,0.0,,
2948,2,0,,,
2949,2,0,,,
2950,2,0,,,
2951,1,0,,,
2952,2,1,0.0,,
2953,4,0,,,3 4 7
2954,3,0,,,
2955,4,0,,,
2956,2,1,0.0,,
2957,4,1,0.0,,
2958,3,0,,,
2959,2,1,0.0,,
2960,2,1,0.0,,3
2961,3,1,0.0,,
2962,2,1,0.0,,
2963,3,0,,,
2964,4,0,,,
2965,3,1,0.0,,
2966,4,0,,,
2967,4,0,,,8
2968,2,0,,,
2969,1,0,,,
2970,2,0,,,
2971,3,0,,,3 4
2972,2,1,0.0,,
2973,2,1,1.0,1.0,
2974,2,0,,,
2975,3,0,,,
2976,2,0,,,
2977,1,1,0.0,,
2978,3,0,,,
2979,3,0,,,
2980,4,1,0.0,,
2981,4,1,0.0,,3
2982,2,1,0.0,,
2983,4,1,1.0,1.0,7
2984,3,1,1.0,0.0,
2985,99,1,1.0,0.0,
2986,3,0,,,
2987,4,0,,,
2988,2,0,,,
2989,2,0,,,3
2990,3,0,,,
2991,3,0,,,9
2992,3,1,0.0,,9
2993,1,1,1.0,1.0,4
2994,2,1,0.0,,
2995,2,1,1.0,0.0,7 3
2996,3,0,,,
2997,3,0,,,
2998,2,1,1.0,0.0,7
2999,1,1,0.0,,1
3000,4,1,1.0,1.0,
3001,2,0,,,
3002,2,1,0.0,,
3003,3,1,0.0,,
3004,2,1,0.0,,
3005,2,0,,,
3006,2,1,1.0,0.0,
3007,4,1,1.0,1.0,
3008,2,0,,,
3009,2,1,0.0,,
3010,1,1,0.0,,
3011,2,1,0.0,,8
3012,2,1,0.0,,
3013,3,1,0.0,,
3014,3,0,,,
3015,3,1,0.0,,
3016,4,1,1.0,0.0,
3017,2,1,1.0,0.0,
3018,2,1,0.0,,8
3019,1,0,,,8
3020,3,1,0.0,,99
3021,2,0,,,99 1 2
3022,4,0,,,
3023,1,0,,,
3024,2,1,0.0,,
3025,2,1,0.0,,5
3026,2,1,0.0,,5
3027,2,1,0.0,,
3028,2,1,0.0,,
3029,2,1,0.0,,
3030,1,0,,,
3031,1,0,,,
3032,2,0,,,
3033,2,0,,,
3034,2,1,0.0,,9
3035,2,1,1.0,0.0,2
3036,3,1,1.0,0.0,
3037,4,1,1.0,0.0,7
3038,2,0,,,
3039,2,1,0.0,,
3040,1,0,,,
3041,4,1,0.0,,
3042,3,0,,,3 7 6
3043,4,0,,,
3044,2,1,0.0,,
3045,2,0,,,
3046,3,1,0.0,,
3047,2,1,0.0,,3
3048,2,0,,,9 3
3049,3,0,,,
3050,3,1,0.0,,
3051,1,1,0.0,,3
3052,4,0,,,
3053,4,0,,,
3054,2,1,0.0,,
3055,2,0,,,
3056,3,1,0.0,,1 3
3057,3,0,,,
3058,2,1,0.0,,6
3059,2,0,,,
3060,2,0,,,
3061,3,0,,,
3062,2,0,,,
3063,2,0,,,
3064,2,1,0.0,,
3065,3,1,0.0,,
3066,2,1,0.0,,
3067,3,1,0.0,,
3068,3,1,1.0,0.0,
3069,3,0,,,
3070,4,1,0.0,,
3071,3,99,,,
3072,1,1,0.0,,
3073,1,0,,,
3074,2,99,,,
3075,2,1,1.0,1.0,
3076,2,1,1.0,1.0,
3077,2,0,,,
3078,1,0,,,
3079,1,1,0.0,,
3080,1,1,0.0,,
3081,2,0,,,
3082,1,0,,,
3083,2,0,,,
3084,1,1,0.0,,
3085,2,0,,,
3086,1,0,,,
3087,2,1,0.0,,
3088,1,0,,,
3089,1,1,0.0,,9
3090,1,0,,,
3091,2,0,,,
3092,2,1,0.0,,
3093,2,0,,,
3094,2,0,,,
3095,2,0,,,
3096,2,1,0.0,,
3097,3,1,0.0,,
3098,2,0,,,
3099,3,1,0.0,,
3100,3,0,,,
3101,2,1,0.0,,
3102,2,0,,,
3103,2,0,,,
3104,1,1,0.0,,
3105,1,1,0.0,,
3106,1,0,,,
3107,1,0,,,
3108,2,0,,,
3109,3,0,,,
3110,2,0,,,
3111,3,0,,,
3112,3,0,,,
3113,2,0,,,
3114,1,0,,,
3115,1,0,,,
3116,1,0,,,
3117,1,0,,,
3118,1,0,,,
3119,2,0,,,
3120,2,0,,,
3121,2,0,,,
3122,2,0,,,
3123,2,1,0.0,,
3124,2,1,1.0,1.0,
3125,2,0,,,
3126,1,1,1.0,1.0,
3127,1,0,,,
3128,2,0,,,
3129,2,1,0.0,,
3130,2,1,1.0,1.0,1
3131,1,1,1.0,0.0,3 1
3132,2,0,,,
3133,2,0,,,
3134,2,0,,,9
3135,4,1,0.0,,
3136,2,1,0.0,,7
3137,2,0,,,
3138,2,0,,,
3139,4,0,,,
3140,2,0,,,
3141,2,0,,,
3142,1,0,,,
3143,1,0,,,
3144,1,0,,,
3145,4,0,,,
3146,1,0,,,
3147,1,0,,,
3148,1,1,0.0,,3 1 7
3149,2,0,,,
3150,4,1,1.0,1.0,
3151,4,0,,,
3152,3,0,,,4
3153,3,0,,,7 1
3154,1,0,,,
3155,4,1,0.0,,1 7
3156,4,1,0.0,,
3157,4,1,0.0,,6
3158,4,1,1.0,0.0,
3159,2,1,0.0,,
3160,3,1,0.0,,
3161,2,1,0.0,,
3162,2,1,0.0,,
3163,2,1,0.0,,
3164,2,0,,,1 7 3
3165,3,1,0.0,,
3166,3,0,,,7
3167,2,0,,,
3168,2,1,1.0,1.0,
3169,2,0,,,
3170,2,99,,,
3171,2,0,,,
3172,2,0,,,
3173,2,1,1.0,1.0,
3174,2,0,,,
3175,3,0,,,
3176,3,1,0.0,,1 6
3177,4,1,0.0,,1 2
3178,2,0,,,
3179,3,0,,,
3180,2,1,1.0,1.0,3 6
3181,3,0,,,
3182,2,1,1.0,0.0,
3183,3,1,0.0,,
3184,2,1,0.0,,
3185,2,0,,,7
3186,4,0,,,
3187,3,0,,,
3188,3,0,,,
3189,2,1,0.0,,
3190,3,0,,,
3191,4,0,,,
3192,2,0,,,
3193,1,99,,,
3194,2,1,0.0,,
3195,1,1,1.0,0.0,9
3196,1,1,0.0,,
3197,2,1,0.0,,
3198,2,1,0.0,,7
3199,2,1,1.0,1.0,
3200,1,1,0.0,,
3201,2,1,0.0,,
3202,2,0,,,
3203,4,0,,,
3204,3,0,,,
3205,4,0,,,
3206,1,1,0.0,,5 4
3207,1,0,,,
3208,1,0,,,6 8
3209,2,1,0.0,,
3210,3,0,,,
3211,4,1,0.0,,3
3212,2,0,,,
3213,4,1,1.0,0.0,
3214,3,0,,,
3215,2,1,0.0,,9 3
3216,3,1,0.0,,
3217,3,1,0.0,,1
3218,2,0,,,
3219,2,1,0.0,,
3220,2,0,,,
3221,3,1,0.0,,
3222,2,0,,,2 3 4
3223,3,1,0.0,,
3224,3,1,0.0,,
3225,3,1,0.0,,
3226,3,1,1.0,0.0,
3227,3,1,0.0,,
3228,3,1,0.0,,3
3229,2,0,,,
3230,3,0,,,5 4 7
3231,2,1,1.0,1.0,
3232,2,1,0.0,,3 4 5
3233,4,1,0.0,,3 4
3234,2,0,,,
3235,4,1,0.0,,
3236,1,0,,,9 1
3237,2,1,0.0,,3 4 5
3238,2,1,1.0,1.0,
3239,3,1,0.0,,3
3240,3,0,,,4
3241,2,0,,,
3242,2,0,,,
3243,2,0,,,
3244,3,0,,,4 5
3245,4,1,0.0,,2
3246,2,1,0.0,,
3247,4,1,0.0,,3 5
3248,2,1,0.0,,3
3249,2,1,0.0,,6
3250,2,1,0.0,,
3251,2,1,0.0,,
3252,2,0,,,
3253,2,0,,,
3254,2,1,0.0,,2 3 4
3255,2,1,0.0,,
3256,3,1,1.0,1.0,
3257,3,0,,,1 4
3258,2,0,,,1
3259,3,1,0.0,,1 3 7
3260,3,1,1.0,0.0,
3261,3,0,,,
3262,4,0,,,4 3 5
3263,3,0,,,
3264,4,0,,,3 4 5
3265,3,1,0.0,,4 6
3266,3,1,1.0,0.0,2 5
3267,4,1,0.0,,
3268,1,1,0.0,,
3269,2,1,0.0,,99 6
3270,2,1,0.0,,8
3271,2,1,0.0,,5
3272,2,1,0.0,,
3273,2,1,0.0,,2 4 5
3274,3,1,0.0,,
3275,3,1,0.0,,2 4
3276,2,1,0.0,,7
3277,2,1,0.0,,
3278,1,0,,,9
3279,2,0,,,
3280,2,0,,,9
3281,2,1,0.0,,
3282,2,1,1.0,0.0,5
3283,2,0,,,
3284,3,1,0.0,,
3285,2,1,0.0,,
3286,4,1,0.0,,
3287,4,1,1.0,0.0,
3288,3,0,,,
3289,3,0,,,
3290,2,1,0.0,,3 7
3291,4,1,0.0,,7
3292,3,1,0.0,,7 3
3293,4,0,,,
3294,2,0,,,
3295,3,1,0.0,,
3296,2,0,,,
3297,4,0,,,
3298,2,1,0.0,,9
3299,4,1,0.0,,3 8
3300,1,1,0.0,,
3301,2,1,1.0,0.0,3 5
3302,3,1,0.0,,5
3303,4,1,0.0,,
3304,3,0,,,
3305,3,0,,,
3306,3,1,0.0,,3 2
3307,2,1,0.0,,2
3308,2,1,0.0,,1
3309,2,1,0.0,,1
3310,2,1,0.0,,2
3311,2,1,0.0,,2
3312,2,1,0.0,,2
3313,2,1,1.0,0.0,7 3 2
3314,2,1,0.0,,
3315,2,1,0.0,,1 3 5
3316,4,0,,,
3317,3,0,,,
3318,4,1,1.0,0.0,
3319,2,1,0.0,,
3320,1,0,,,
3321,2,0,,,
3322,3,1,0.0,,
3323,3,0,,,
3324,4,0,,,1 3 7
3325,4,1,1.0,0.0,
3326,2,0,,,
3327,1,0,,,
3328,2,1,0.0,,
3329,1,0,,,
3330,2,1,0.0,,3 4
3331,3,0,,,3
3332,3,1,0.0,,3
3333,3,1,0.0,,
3334,2,1,0.0,,6
3335,4,0,,,
3336,3,0,,,
3337,3,0,,,
3338,3,1,1.0,0.0,
3339,4,99,,,6
3340,3,0,,,
3341,1,0,,,
3342,2,1,1.0,0.0,
3343,3,1,0.0,,1
3344,1,0,,,
3345,3,1,0.0,,1
3346,2,0,,,
3347,1,1,0.0,,1
3348,3,0,,,
3349,2,0,,,
3350,2,0,,,
3351,2,0,,,
3352,2,1,0.0,,
3353,2,0,,,
3354,3,1,0.0,,
3355,1,1,1.0,1.0,
3356,1,0,,,
3357,1,0,,,
3358,1,0,,,
3359,1,0,,,
3360,1,0,,,
3361,1,0,,,
3362,2,0,,,
3363,2,0,,,
3364,2,1,0.0,,
3365,2,0,,,
3366,2,0,,,
3367,2,0,,,
3368,3,0,,,
3369,2,0,,,
3370,4,1,0.0,,4
3371,2,0,,,
3372,1,1,0.0,,
3373,3,0,,,
3374,3,1,0.0,,4
3375,2,0,,,
3376,2,0,,,
3377,1,0,,,
3378,1,0,,,
3379,3,0,,,
3380,1,0,,,
3381,1,0,,,
3382,1,0,,,
3383,2,1,1.0,0.0,
3384,2,1,1.0,1.0,
3385,2,1,0.0,,1 3
3386,3,0,,,
3387,3,1,0.0,,1
3388,1,1,0.0,,1
3389,3,1,0.0,,
3390,3,1,0.0,,
3391,2,0,,,
3392,2,0,,,
3393,2,0,,,
3394,2,1,0.0,,1 3 4
3395,2,0,,,
3396,2,0,,,
3397,1,0,,,
3398,2,0,,,
3399,2,0,,,
3400,2,0,,,
3401,2,1,0.0,,1 3
3402,2,0,,,
3403,2,0,,,
3404,2,0,,,
3405,2,1,0.0,,
3406,3,1,0.0,,
3407,4,1,0.0,,
3408,3,0,,,
3409,2,0,,,
3410,2,0,,,
3411,3,1,0.0,,
3412,2,0,,,
3413,2,1,0.0,,
3414,2,0,,,
3415,2,0,,,1
3416,1,0,,,
3417,2,0,,,
3418,2,99,,,
3419,2,0,,,
3420,2,0,,,
3421,3,1,0.0,,
3422,2,0,,,
3423,2,0,,,
3424,2,0,,,
3425,2,1,1.0,0.0,
3426,2,0,,,
3427,2,1,0.0,,3 1 7
3428,2,0,,,
3429,4,1,0.0,,
3430,2,0,,,
3431,2,0,,,
3432,4,1,0.0,,
3433,2,99,,,
3434,4,1,0.0,,4
3435,4,0,,,
3436,2,1,0.0,,
3437,2,0,,,
3438,1,0,,,
3439,2,0,,,
3440,2,1,0.0,,
3441,2,1,0.0,,1 7
3442,1,0,,,
3443,1,0,,,
3444,2,0,,,
3445,2,0,,,
3446,1,99,,,
3447,2,1,0.0,,
3448,2,0,,,
3449,3,0,,,
3450,3,0,,,
3451,3,0,,,
3452,3,0,,,
3453,2,0,,,
3454,3,0,,,
3455,2,0,,,
3456,3,1,0.0,,
3457,3,0,,,
3458,2,0,,,
3459,2,0,,,
3460,2,0,,,3
3461,2,0,,,
3462,2,0,,,7
3463,1,1,0.0,,
3464,1,1,0.0,,
3465,2,1,1.0,0.0,
3466,1,1,0.0,,
3467,2,1,0.0,,9
3468,1,1,1.0,1.0,
3469,2,0,,,
3470,2,1,0.0,,1 6
3471,2,1,0.0,,7
3472,3,1,0.0,,6
3473,3,0,,,9 4 6
3474,3,1,0.0,,
3475,3,1,0.0,,4 7
3476,2,1,0.0,,
3477,2,0,,,
3478,3,1,0.0,,
3479,1,1,0.0,,
3480,3,1,0.0,,7
3481,3,1,0.0,,
3482,1,0,,,
3483,2,0,,,7
3484,2,0,,,
3485,2,1,0.0,,3
3486,2,0,,,
3487,2,0,,,
3488,2,1,0.0,,
3489,2,0,,,
3490,3,0,,,
3491,2,0,,,
3492,2,0,,,
3493,2,1,0.0,,
3494,2,1,0.0,,2 3 4
3495,2,0,,,
3496,4,1,0.0,,
3497,2,0,,,
3498,4,1,0.0,,
3499,1,1,0.0,,
3500,1,0,,,
3501,3,0,,,
3502,2,1,1.0,1.0,
3503,4,1,0.0,,3
3504,2,0,,,
3505,99,0,,,7 9
3506,2,0,,,4
3507,3,0,,,
3508,2,1,0.0,,3
3509,2,0,,,5 1
3510,1,1,0.0,,
3511,3,1,0.0,,4
3512,2,1,0.0,,1
3513,1,0,,,
3514,2,0,,,
3515,2,1,0.0,,1
3516,3,0,,,
3517,1,1,0.0,,
3518,3,0,,,8 3
3519,1,1,1.0,1.0,
3520,99,1,0.0,,
3521,3,1,0.0,,
3522,2,0,,,
3523,2,0,,,3 4 5
3524,4,1,0.0,,4 3
3525,4,1,0.0,,4 3
3526,4,1,0.0,,
3527,1,0,,,4 3
3528,2,1,0.0,,1 2
3529,4,1,0.0,,4 3
3530,4,1,0.0,,
3531,4,1,0.0,,
3532,4,0,,,
3533,4,1,0.0,,
3534,2,1,0.0,,
3535,4,1,0.0,,
3536,2,1,0.0,,3 4 7
3537,2,0,,,
3538,2,1,0.0,,
3539,2,0,,,8 7
3540,3,1,0.0,,7 9
3541,2,1,0.0,,
3542,1,0,,,7
3543,1,0,,,
3544,4,1,0.0,,
3545,3,1,0.0,,7 8
3546,2,1,0.0,,
3547,2,1,1.0,0.0,3 4
3548,1,1,0.0,,
3549,1,0,,,
3550,3,1,0.0,,
3551,2,0,,,5
3552,2,1,0.0,,3 4 8
3553,2,1,0.0,,5 7
3554,3,0,,,3
3555,3,0,,,
3556,2,0,,,
3557,2,1,0.0,,
3558,2,0,,,
3559,2,0,,,
3560,2,1,0.0,,3
3561,2,0,,,
3562,2,0,,,
3563,2,0,,,
3564,2,0,,,8 4 3
3565,3,1,0.0,,8 3
3566,3,1,0.0,,
3567,2,0,,,
3568,2,0,,,
3569,3,1,0.0,,
3570,3,1,0.0,,
3571,2,1,0.0,,
3572,2,1,0.0,,2
3573,3,0,,,99
3574,3,1,0.0,,
3575,3,0,,,
3576,4,1,0.0,,
3577,2,1,1.0,1.0,
3578,2,0,,,3 4
3579,2,0,,,6
3580,2,1,0.0,,
3581,2,1,0.0,,3 4
3582,4,1,1.0,0.0,2 3 4
3583,2,0,,,
3584,3,1,0.0,,
3585,2,1,0.0,,
3586,2,0,,,
3587,3,1,1.0,0.0,3
3588,4,1,0.0,,3
3589,2,0,,,1 2
3590,1,0,,,
3591,2,0,,,7 6
3592,1,1,0.0,,
3593,2,1,0.0,,
3594,3,0,,,
3595,2,1,0.0,,5
3596,2,0,,,
3597,2,1,0.0,,
3598,3,1,1.0,1.0,3 9 2
3599,4,1,0.0,,
3600,3,0,,,
3601,4,1,0.0,,3
3602,1,1,0.0,,
3603,3,0,,,
3604,3,1,0.0,,
3605,4,1,0.0,,
3606,3,1,0.0,,
3607,1,1,0.0,,
3608,3,0,,,
3609,1,1,1.0,1.0,
3610,3,1,1.0,1.0,1 6 7
3611,2,1,0.0,,4 3
3612,4,0,,,
3613,1,0,,,9
3614,2,1,0.0,,
3615,2,1,0.0,,3
3616,2,0,,,3 7
3617,3,1,0.0,,4 5
3618,2,1,0.0,,3 5
3619,3,1,1.0,1.0,
3620,2,1,0.0,,
3621,2,1,1.0,1.0,
3622,3,1,0.0,,
3623,3,1,0.0,,1 4 5
3624,4,1,0.0,,4 5
3625,2,1,0.0,,
3626,3,1,0.0,,5
3627,2,1,1.0,1.0,9
3628,2,0,,,
3629,1,1,0.0,,
3630,3,1,0.0,,
3631,3,1,0.0,,
3632,1,1,0.0,,3 5
3633,3,0,,,
3634,3,1,0.0,,
3635,2,1,0.0,,
3636,2,1,0.0,,9 7 3
3637,1,0,,,
3638,1,1,0.0,,
3639,1,1,0.0,,
3640,3,1,1.0,0.0,
3641,2,1,0.0,,
3642,4,1,0.0,,4 5
3643,4,1,1.0,1.0,
3644,4,0,,,
3645,4,0,,,
3646,2,1,0.0,,5 6
3647,2,1,0.0,,7 8
3648,3,1,0.0,,
3649,3,1,0.0,,
3650,3,1,0.0,,4 3
3651,2,0,,,
3652,2,0,,,
3653,3,0,,,
3654,2,0,,,
3655,2,1,0.0,,5 4 2
3656,2,0,,,
3657,2,1,0.0,,
3658,4,1,0.0,,1 4 6
3659,3,1,0.0,,
3660,3,1,1.0,1.0,
3661,2,1,0.0,,
3662,2,1,0.0,,3
3663,2,0,,,
3664,2,1,0.0,,4 3
3665,3,1,0.0,,4
3666,3,1,0.0,,
3667,2,0,,,
3668,3,1,0.0,,
3669,3,1,1.0,0.0,
3670,1,0,,,
3671,4,0,,,
3672,4,0,,,
3673,2,0,,,
3674,1,0,,,
3675,1,0,,,
3676,3,0,,,
3677,4,0,,,
3678,2,0,,,
3679,3,0,,,
3680,3,1,0.0,,
3681,1,1,0.0,,
3682,2,0,,,
3683,2,0,,,
3684,2,0,,,
3685,2,0,,,
3686,2,0,,,
3687,2,0,,,
3688,2,1,1.0,0.0,1
3689,2,0,,,
3690,99,1,1.0,1.0,
3691,2,0,,,
3692,1,0,,,
3693,2,0,,,
3694,3,0,,,
3695,2,0,,,
3696,1,0,,,
3697,1,0,,,
3698,1,1,1.0,1.0,
3699,4,1,1.0,0.0,
3700,1,1,0.0,,
3701,1,1,0.0,,2
3702,2,1,1.0,0.0,
3703,4,0,,,
3704,2,1,0.0,,
3705,3,0,,,
3706,2,1,0.0,,
3707,2,0,,,
3708,3,0,,,
3709,3,1,0.0,,1
3710,2,1,0.0,,
3711,3,0,,,
3712,1,0,,,
3713,3,1,0.0,,
3714,2,0,,,
3715,1,0,,,
3716,3,1,0.0,,2 3
3717,1,0,,,
3718,2,0,,,
3719,1,0,,,
3720,1,0,,,
3721,1,0,,,
3722,2,1,0.0,,
3723,2,0,,,
3724,3,1,1.0,1.0,
3725,3,0,,,1 3
3726,3,0,,,
3727,2,1,0.0,,
3728,3,1,0.0,,
3729,2,0,,,
3730,2,1,0.0,,
3731,1,0,,,
3732,2,99,,,
3733,2,0,,,
3734,2,0,,,
3735,2,0,,,
3736,2,0,,,
3737,1,1,0.0,,
3738,1,0,,,
3739,2,0,,,
3740,2,0,,,
3741,2,1,0.0,,
3742,2,1,0.0,,
3743,1,1,0.0,,
3744,2,0,,,
3745,2,0,,,
3746,2,0,,,
3747,2,0,,,
3748,2,0,,,
3749,2,0,,,
3750,2,0,,,
3751,3,0,,,
3752,3,0,,,
3753,3,1,0.0,,
3754,3,1,0.0,,1 6
3755,2,0,,,
3756,2,1,0.0,,
3757,3,1,0.0,,
3758,2,0,,,
3759,3,1,0.0,,
3760,2,0,,,
3761,1,0,,,
3762,3,0,,,
3763,3,0,,,
3764,3,0,,,
3765,2,0,,,
3766,2,0,,,
3767,4,0,,,
3768,4,0,,,
3769,2,0,,,
3770,4,1,0.0,,1 7
3771,4,0,,,
3772,4,0,,,
3773,4,0,,,
3774,2,0,,,
3775,4,1,0.0,,
3776,3,0,,,
3777,3,1,0.0,,
3778,99,1,0.0,,
3779,2,1,1.0,1.0,
3780,3,99,,,
3781,1,1,0.0,,
3782,3,1,1.0,1.0,
3783,2,0,,,
3784,2,1,1.0,1.0,
3785,2,0,,,
3786,2,0,,,
3787,2,0,,,
3788,2,1,1.0,1.0,
3789,2,1,0.0,,
3790,2,1,0.0,,
3791,2,1,0.0,,
3792,2,0,,,
3793,2,1,0.0,,
3794,1,0,,,
3795,1,0,,,
3796,1,1,0.0,,
3797,1,1,0.0,,
3798,2,1,0.0,,4
3799,3,0,,,
3800,2,1,0.0,,
3801,3,0,,,
3802,2,0,,,
3803,1,1,1.0,1.0,
3804,1,1,0.0,,1 8
3805,1,0,,,
3806,1,0,,,
3807,2,1,0.0,,
3808,2,1,0.0,,
3809,2,0,,,
3810,2,0,,,
3811,2,0,,,
3812,2,0,,,
3813,2,1,0.0,,
3814,3,1,0.0,,9
3815,1,1,0.0,,9
3816,1,1,0.0,,
3817,3,1,0.0,,
3818,1,0,,,
3819,2,1,0.0,,4 3
3820,2,0,,,1
3821,2,0,,,
3822,2,1,0.0,,
3823,2,0,,,
3824,2,1,0.0,,1 2 7
3825,4,0,,,
3826,4,1,1.0,0.0,
3827,2,0,,,
3828,4,1,0.0,,
3829,3,1,0.0,,3
3830,1,1,1.0,0.0,
3831,2,1,1.0,0.0,4 8 3
3832,2,0,,,
3833,2,1,0.0,,
3834,2,1,0.0,,
3835,4,0,,,
3836,4,0,,,
3837,2,0,,,
3838,2,1,0.0,,1 6 7
3839,2,1,1.0,1.0,
3840,3,1,0.0,,
3841,3,0,,,3
3842,2,0,,,
3843,1,0,,,
3844,3,1,0.0,,
3845,4,0,,,
3846,3,99,,,
3847,4,0,,,
3848,2,0,,,
3849,2,1,0.0,,
3850,3,0,,,
3851,3,1,1.0,0.0,2
3852,2,0,,,
3853,2,1,0.0,,
3854,4,0,,,
3855,2,0,,,4 3 5
3856,2,1,0.0,,1 2
3857,3,1,0.0,,3 5
3858,3,1,0.0,,
3859,4,1,0.0,,
3860,4,1,0.0,,
3861,3,1,0.0,,
3862,2,1,0.0,,
3863,3,1,0.0,,3 4
3864,3,1,0.0,,
3865,2,1,0.0,,6 7
3866,2,1,0.0,,4
3867,2,0,,,
3868,2,1,0.0,,
3869,2,1,0.0,,
3870,1,0,,,
3871,1,0,,,
3872,1,0,,,
3873,1,1,1.0,1.0,
3874,1,0,,,
3875,2,1,1.0,1.0,
3876,1,0,,,
3877,2,1,0.0,,
3878,2,1,0.0,,1 2 3
3879,2,1,1.0,0.0,6
3880,3,0,,,6
3881,3,0,,,
3882,3,1,1.0,1.0,
3883,1,1,0.0,,
3884,2,0,,,
3885,2,1,0.0,,
3886,2,0,,,
3887,2,1,0.0,,
3888,2,0,,,
3889,3,0,,,
3890,2,0,,,
3891,2,1,0.0,,1 6
3892,2,0,,,
3893,2,1,0.0,,1 3 6
3894,2,1,0.0,,1 2 6
3895,2,0,,,4
3896,4,1,0.0,,3 4
3897,1,1,0.0,,
3898,1,0,,,7 9
3899,1,1,0.0,,4 7
3900,3,0,,,
3901,3,1,0.0,,3 5
3902,4,0,,,
3903,4,0,,,
3904,2,0,,,3 4
3905,2,0,,,
3906,2,0,,,7
3907,4,1,0.0,,3 5
3908,2,1,0.0,,
3909,2,1,0.0,,7
3910,2,0,,,
3911,2,0,,,
3912,3,0,,,
3913,1,1,0.0,,3 7
3914,2,1,0.0,,8
3915,2,0,,,
3916,2,1,0.0,,
3917,3,1,0.0,,4 7 3
3918,2,0,,,
3919,2,1,0.0,,
3920,2,1,1.0,0.0,
3921,1,1,0.0,,
3922,2,1,0.0,,
3923,2,0,,,
3924,4,1,1.0,1.0,3 9
3925,2,1,0.0,,
3926,2,1,1.0,0.0,8 9 1
3927,4,0,,,
3928,2,0,,,
3929,4,1,0.0,,
3930,2,0,,,
3931,2,1,0.0,,
3932,4,1,0.0,,3 4
3933,2,0,,,
3934,2,0,,,
3935,1,1,0.0,,
3936,2,1,0.0,,
3937,3,1,0.0,,
3938,2,0,,,
3939,2,1,0.0,,
3940,2,1,0.0,,
3941,3,1,0.0,,
3942,3,1,0.0,,
3943,4,1,0.0,,4
3944,2,0,,,6 4
3945,2,1,0.0,,
3946,4,1,0.0,,
3947,4,0,,,
3948,3,0,,,
3949,2,0,,,4 7
3950,1,0,,,
3951,2,0,,,7
3952,2,0,,,7
3953,3,1,0.0,,
3954,4,1,1.0,0.0,4 5 7
3955,4,1,0.0,,
3956,3,1,0.0,,1 2 3
3957,4,0,,,
3958,2,0,,,
3959,2,1,0.0,,3 7
3960,2,0,,,2 7
3961,3,1,0.0,,
3962,1,0,,,
3963,2,0,,,
3964,4,1,0.0,,3
3965,4,1,0.0,,1 5
3966,4,1,0.0,,3 7
3967,3,0,,,
3968,2,1,0.0,,
3969,2,1,0.0,,3 5
3970,3,1,0.0,,
3971,3,1,0.0,,3
3972,2,0,,,
3973,2,1,0.0,,
3974,3,1,0.0,,
3975,3,0,,,
3976,2,0,,,
3977,1,0,,,
3978,1,0,,,
3979,3,1,0.0,,
3980,2,1,0.0,,3 5
3981,2,1,0.0,,
3982,2,0,,,
3983,4,1,0.0,,
3984,4,1,0.0,,
3985,4,1,0.0,,
3986,2,1,0.0,,
3987,4,0,,,
3988,1,1,0.0,,
3989,2,1,0.0,,
3990,3,1,0.0,,
3991,2,0,,,
3992,4,1,1.0,0.0,4 1 5
3993,3,0,,,
3994,3,0,,,7
3995,4,1,0.0,,
3996,3,1,0.0,,
3997,3,0,,,
3998,3,1,1.0,0.0,
3999,2,1,0.0,,
4000,2,1,0.0,,
4001,2,1,0.0,,
4002,2,1,0.0,,
4003,3,1,0.0,,
4004,3,1,0.0,,
4005,3,1,0.0,,
4006,2,1,0.0,,
4007,3,1,0.0,,5
4008,3,1,0.0,,8
4009,2,1,0.0,,
4010,3,0,,,
4011,1,1,0.0,,
4012,2,1,0.0,,
4013,2,0,,,
4014,3,1,0.0,,3 4
4015,3,1,0.0,,3 4
4016,2,0,,,
4017,3,1,0.0,,
4018,2,1,0.0,,
4019,2,1,0.0,,
4020,4,1,0.0,,3 4
4021,4,1,0.0,,
4022,3,0,,,
4023,4,1,0.0,,
4024,2,0,,,
4025,2,1,1.0,0.0,1
4026,4,1,0.0,,1
4027,2,0,,,
4028,2,0,,,
4029,2,0,,,
4030,3,0,,,
4031,2,0,,,
4032,3,0,,,
4033,2,0,,,
4034,2,1,0.0,,
4035,1,1,0.0,,
4036,4,1,0.0,,3
4037,4,0,,,
4038,2,1,0.0,,1
4039,2,1,1.0,0.0,
4040,3,0,,,
4041,2,0,,,
4042,2,1,1.0,1.0,
4043,2,0,,,
4044,2,1,0.0,,
4045,2,1,1.0,0.0,
4046,2,1,0.0,,9
4047,2,0,,,
4048,1,0,,,
4049,2,0,,,
4050,1,0,,,
4051,2,0,,,
4052,1,1,0.0,,8
4053,2,0,,,
4054,1,0,,,
4055,4,1,0.0,,3 7
4056,2,0,,,
4057,1,0,,,
4058,2,0,,,
4059,2,0,,,
4060,3,1,0.0,,3 1
4061,4,0,,,
4062,2,1,0.0,,
4063,3,0,,,
4064,2,1,0.0,,1 3
4065,1,0,,,3 1
4066,1,1,0.0,,
4067,2,0,,,
4068,1,0,,,
4069,1,1,0.0,,
4070,1,0,,,
4071,4,0,,,
4072,4,0,,,
4073,4,0,,,
4074,4,0,,,
4075,2,1,0.0,,
4076,3,0,,,
4077,2,1,0.0,,
4078,1,1,0.0,,
4079,2,0,,,
4080,2,0,,,
4081,3,1,1.0,0.0,
4082,1,1,0.0,,
4083,1,99,,,4 7
4084,2,1,0.0,,1
4085,4,0,,,
4086,2,0,,,
4087,3,0,,,
4088,2,0,,,
4089,2,0,,,
4090,1,0,,,
4091,1,1,0.0,,
4092,2,0,,,
4093,4,0,,,
4094,1,0,,,
4095,2,0,,,
4096,2,0,,,
4097,3,1,0.0,,1 7
4098,1,1,0.0,,
4099,2,0,,,
4100,1,0,,,
4101,2,1,0.0,,9 1
4102,1,1,0.0,,
4103,1,0,,,
4104,1,0,,,9
4105,3,1,0.0,,
4106,2,0,,,
4107,3,1,0.0,,1 3 8
4108,1,0,,,
4109,4,1,0.0,,
4110,1,99,,,
4111,2,0,,,
4112,2,0,,,
4113,2,0,,,
4114,2,0,,,
4115,2,0,,,
4116,2,0,,,
4117,2,0,,,
4118,2,0,,,
4119,2,0,,,
4120,2,1,1.0,1.0,
4121,2,0,,,
4122,2,0,,,
4123,1,0,,,
4124,1,0,,,
4125,1,0,,,
4126,1,0,,,
4127,1,1,0.0,,
4128,1,0,,,
4129,2,1,0.0,,2 3 4
4130,2,1,0.0,,
4131,1,1,0.0,,
4132,1,1,0.0,,
4133,1,0,,,
4134,1,1,0.0,,
4135,1,1,0.0,,
4136,1,0,,,
4137,1,0,,,
4138,1,1,0.0,,
4139,2,1,0.0,,
4140,1,0,,,
4141,2,1,1.0,1.0,
4142,3,1,0.0,,
4143,3,1,1.0,1.0,
4144,2,0,,,
4145,2,0,,,
4146,2,0,,,
4147,2,0,,,
4148,4,1,0.0,,
4149,2,1,0.0,,
4150,2,0,,,
4151,2,0,,,
4152,2,1,0.0,,4
4153,2,0,,,
4154,2,0,,,
4155,1,0,,,
4156,1,0,,,
4157,1,0,,,
4158,2,1,0.0,,
4159,2,0,,,
4160,2,0,,,
4161,2,0,,,
4162,1,1,0.0,,99
4163,2,0,,,
4164,2,0,,,
4165,1,1,0.0,,
4166,2,0,,,
4167,2,0,,,
4168,3,0,,,
4169,2,1,0.0,,
4170,1,0,,,
4171,3,0,,,
4172,3,0,,,
4173,2,0,,,9
4174,3,0,,,9
4175,1,0,,,
4176,3,0,,,
4177,2,0,,,4
4178,1,0,,,
4179,3,0,,,
4180,3,0,,,
4181,2,0,,,
4182,2,0,,,
4183,2,0,,,
4184,2,0,,,
4185,2,0,,,
4186,2,0,,,
4187,1,0,,,
4188,1,1,0.0,,
4189,2,0,,,
4190,3,1,0.0,,
4191,3,1,0.0,,
4192,2,0,,,
4193,2,0,,,
4194,2,0,,,
4195,2,0,,,
4196,3,0,,,
4197,1,0,,,
4198,2,0,,,
4199,1,0,,,
4200,1,0,,,
4201,1,1,0.0,,
4202,2,0,,,
4203,3,0,,,
4204,2,1,1.0,1.0,
4205,3,1,1.0,0.0,
4206,2,1,1.0,1.0,
4207,2,0,,,
4208,4,1,0.0,,
4209,2,0,,,
4210,3,0,,,
4211,3,1,0.0,,
4212,2,1,0.0,,
4213,2,1,0.0,,
4214,2,1,0.0,,
4215,2,1,0.0,,
4216,2,0,,,
4217,1,0,,,
4218,1,1,0.0,,
4219,1,0,,,
4220,1,0,,,
4221,2,1,0.0,,
4222,2,0,,,
4223,2,1,1.0,1.0,
4224,2,1,0.0,,5
4225,1,1,1.0,1.0,
4226,1,0,,,
4227,1,0,,,
4228,3,1,0.0,,
4229,3,1,0.0,,
4230,2,0,,,
4231,3,1,1.0,0.0,
4232,2,1,0.0,,7
4233,3,1,0.0,,
4234,4,0,,,
4235,4,0,,,
4236,1,0,,,
4237,1,0,,,
4238,1,1,0.0,,1
4239,1,0,,,
4240,1,0,,,
4241,1,1,0.0,,
4242,1,0,,,
4243,1,0,,,
4244,1,0,,,
4245,1,0,,,
4246,1,1,99.0,,
4247,3,1,0.0,,1 2 3
4248,3,0,,,
4249,2,0,,,
4250,3,0,,,
4251,4,0,,,
4252,2,0,,,
4253,2,0,,,
4254,1,1,0.0,,
4255,2,0,,,
4256,2,0,,,
4257,1,0,,,
4258,2,0,,,
4259,2,0,,,
4260,3,0,,,
4261,2,0,,,
4262,2,0,,,
4263,1,0,,,
4264,99,1,1.0,1.0,
4265,2,0,,,
4266,1,0,,,
4267,2,0,,,
4268,2,0,,,
4269,2,0,,,
4270,99,99,,,
4271,2,0,,,1 5 7
4272,3,0,,,
4273,2,0,,,
4274,2,0,,,2 1
4275,2,1,1.0,0.0,1
4276,2,0,,,
4277,2,1,0.0,,
4278,2,0,,,
4279,3,0,,,
4280,2,0,,,
4281,2,0,,,
4282,1,0,,,
4283,2,0,,,
4284,2,0,,,
4285,2,0,,,
4286,2,0,,,
4287,2,0,,,
4288,2,0,,,
4289,2,0,,,
4290,2,0,,,
4291,2,0,,,
4292,2,1,0.0,,
4293,1,1,99.0,,
4294,3,0,,,
4295,2,1,0.0,,
4296,2,0,,,
4297,2,0,,,
4298,2,0,,,
4299,2,0,,,
4300,2,1,0.0,,1 3 7
4301,3,0,,,
4302,3,0,,,
4303,3,0,,,
4304,2,0,,,
4305,2,1,0.0,,
4306,3,0,,,
4307,3,1,0.0,,1
4308,3,0,,,
4309,2,0,,,
4310,2,0,,,
4311,2,0,,,
4312,2,1,1.0,1.0,
4313,2,0,,,
4314,2,1,0.0,,
4315,3,0,,,3 1
4316,3,1,0.0,,4 1 2
4317,1,0,,,
4318,2,0,,,
4319,2,0,,,
4320,1,0,,,
4321,1,0,,,
4322,1,1,1.0,0.0,
4323,1,0,,,
4324,1,0,,,
4325,2,0,,,
4326,2,0,,,
4327,1,0,,,
4328,2,0,,,
4329,2,1,0.0,,
4330,1,0,,,
4331,4,1,0.0,,2 1
4332,1,0,,,
4333,1,0,,,
4334,1,0,,,
4335,2,1,0.0,,
4336,1,0,,,
4337,4,0,,,
4338,3,1,1.0,0.0,
4339,2,0,,,
4340,2,0,,,
4341,3,0,,,
4342,2,0,,,
4343,2,0,,,1 2 3
4344,3,1,1.0,0.0,1 2 3
4345,2,1,0.0,,3 1
4346,3,1,1.0,0.0,7 4
4347,3,1,0.0,,
4348,3,0,,,
4349,2,1,0.0,,3 2
4350,3,1,0.0,,
4351,1,0,,,7
4352,1,0,,,
4353,2,1,0.0,,8
4354,2,99,,,
4355,3,1,0.0,,6 7
4356,3,1,0.0,,3
4357,2,1,1.0,1.0,
4358,2,0,,,
4359,1,0,,,
4360,1,0,,,
4361,3,1,0.0,,
4362,3,0,,,
4363,2,0,,,
4364,4,0,,,
4365,4,1,1.0,1.0,
4366,4,0,,,
4367,4,0,,,
4368,4,0,,,
4369,2,0,,,
4370,2,1,0.0,,7
4371,1,0,,,
4372,2,1,1.0,0.0,
4373,2,0,,,
4374,1,0,,,
4375,2,0,,,
4376,2,0,,,
4377,2,0,,,
4378,2,0,,,
4379,2,1,0.0,,
4380,2,0,,,
4381,2,1,0.0,,
4382,2,0,,,
4383,2,1,1.0,1.0,
4384,1,99,,,
4385,1,99,,,
4386,2,1,0.0,,
4387,2,0,,,
4388,4,1,99.0,,
4389,4,0,,,
4390,4,0,,,
4391,1,0,,,
4392,1,0,,,
4393,1,0,,,
4394,3,0,,,
4395,2,0,,,
4396,2,0,,,
4397,4,0,,,
4398,4,1,0.0,,
4399,3,0,,,
4400,2,1,1.0,0.0,2
4401,3,0,,,
4402,3,0,,,
4403,3,0,,,
4404,3,0,,,
4405,4,0,,,
4406,2,0,,,
4407,3,1,1.0,0.0,
4408,3,0,,,
4409,2,1,0.0,,
4410,3,0,,,
4411,3,1,0.0,,
4412,2,0,,,
4413,3,0,,,
4414,4,1,0.0,,3 2
4415,4,1,1.0,1.0,2 6
4416,2,0,,,
4417,4,1,0.0,,1 5 3
4418,4,0,,,
4419,1,0,,,
4420,3,1,1.0,1.0,
4421,4,0,,,
4422,3,1,0.0,,1 2 3
4423,4,0,,,9
4424,3,0,,,
4425,2,0,,,
4426,3,0,,,
4427,3,1,0.0,,4 9
4428,3,0,,,
4429,1,0,,,
4430,1,1,0.0,,
4431,1,0,,,
4432,1,0,,,
4433,2,1,0.0,,
4434,3,1,0.0,,1
4435,2,1,0.0,,
4436,2,0,,,9
4437,2,0,,,
4438,2,1,0.0,,3
4439,1,1,0.0,,
4440,1,1,0.0,,
4441,1,0,,,
4442,2,0,,,2 7
4443,2,1,0.0,,
4444,2,0,,,
4445,3,0,,,
4446,3,0,,,
4447,2,0,,,4 3 7
4448,2,0,,,
4449,2,0,,,
4450,2,0,,,
4451,3,0,,,
4452,3,0,,,
4453,3,0,,,
4454,2,0,,,
4455,2,0,,,
4456,2,0,,,
4457,2,0,,,
4458,2,0,,,
4459,1,0,,,
4460,2,0,,,
4461,1,0,,,
4462,3,1,1.0,0.0,5
4463,2,0,,,
4464,1,0,,,7 6
4465,3,0,,,
4466,1,0,,,
4467,2,0,,,
4468,2,1,0.0,,3
4469,2,1,0.0,,3
4470,2,0,,,
4471,2,1,0.0,,1
4472,2,1,99.0,,
4473,2,0,,,
4474,2,0,,,
4475,2,0,,,
4476,3,1,0.0,,3 4 1
4477,2,1,0.0,,
4478,2,0,,,
4479,2,0,,,
4480,3,0,,,
4481,3,0,,,
4482,3,0,,,
4483,3,0,,,
4484,2,0,,,
4485,3,0,,,
4486,2,0,,,
4487,2,1,0.0,,
4488,2,0,,,
4489,2,0,,,
4490,2,0,,,
4491,2,0,,,
4492,2,0,,,
4493,2,0,,,
4494,2,1,0.0,,
4495,1,0,,,
4496,1,1,1.0,0.0,
4497,1,0,,,
4498,99,1,1.0,0.0,1
4499,2,1,1.0,0.0,
4500,1,0,,,
4501,1,0,,,
4502,2,0,,,1
4503,2,0,,,
4504,3,0,,,
4505,3,1,0.0,,
4506,2,0,,,
4507,1,0,,,
4508,2,0,,,
4509,2,0,,,
4510,1,0,,,
4511,1,1,0.0,,
4512,3,0,,,
4513,3,1,0.0,,
4514,3,0,,,
4515,1,0,,,
4516,1,0,,,
4517,2,0,,,
4518,1,0,,,
4519,2,0,,,
4520,2,0,,,
4521,1,1,0.0,,
4522,2,0,,,
4523,2,0,,,
4524,3,1,0.0,,
4525,3,0,,,
4526,3,1,0.0,,
4527,2,0,,,
4528,2,0,,,3
4529,4,1,0.0,,
4530,2,1,0.0,,
4531,2,0,,,
4532,2,1,0.0,,1 2
4533,2,0,,,
4534,2,0,,,
4535,3,0,,,9
4536,3,1,1.0,0.0,
4537,3,0,,,
4538,3,0,,,
4539,1,0,,,
4540,3,0,,,
4541,2,0,,,
4542,2,99,,,
4543,3,0,,,
4544,3,1,0.0,,
4545,1,0,,,
4546,1,0,,,
4547,1,1,0.0,,
4548,3,1,1.0,0.0,
4549,2,1,0.0,,8
4550,4,1,1.0,1.0,
4551,2,0,,,3 6
4552,4,1,0.0,,
4553,2,0,,,
4554,3,1,0.0,,3 6 7
4555,2,0,,,
4556,2,1,0.0,,
4557,3,0,,,
4558,3,0,,,
4559,2,0,,,
4560,2,1,0.0,,4
4561,3,1,0.0,,
4562,2,0,,,
4563,3,1,0.0,,
4564,2,0,,,
4565,3,1,0.0,,
4566,2,0,,,
4567,3,1,0.0,,
4568,3,0,,,
4569,3,0,,,
4570,2,0,,,
4571,2,0,,,
4572,2,1,0.0,,
4573,2,1,0.0,,
4574,2,0,,,
4575,1,0,,,
4576,2,1,0.0,,2 7
4577,1,0,,,
4578,99,0,,,
4579,4,0,,,
4580,4,1,0.0,,
4581,1,1,0.0,,
4582,2,0,,,
4583,2,1,0.0,,
4584,4,1,1.0,1.0,
4585,2,1,0.0,,
4586,2,1,0.0,,
4587,4,1,1.0,0.0,
4588,3,1,0.0,,1 4
4589,2,1,0.0,,
4590,2,1,0.0,,
4591,3,1,1.0,0.0,
4592,2,1,0.0,,8
4593,3,0,,,
4594,2,99,,,
4595,1,1,1.0,1.0,4
4596,2,0,,,9
4597,2,0,,,
4598,3,1,0.0,,4
4599,2,1,0.0,,
4600,3,0,,,
4601,3,0,,,
4602,3,1,0.0,,
4603,2,0,,,
4604,3,1,0.0,,
4605,2,0,,,
4606,3,1,0.0,,
4607,1,0,,,
4608,2,0,,,
4609,2,0,,,
4610,2,1,0.0,,
4611,2,0,,,
4612,2,1,0.0,,
4613,2,0,,,
4614,2,1,0.0,,
4615,2,1,0.0,,
4616,2,1,0.0,,
4617,2,1,0.0,,
4618,2,1,0.0,,
4619,1,0,,,
4620,3,1,0.0,,
4621,3,1,0.0,,3
4622,2,0,,,
4623,3,0,,,
4624,2,1,0.0,,
4625,3,1,0.0,,
4626,3,0,,,
4627,2,99,,,
4628,2,1,0.0,,
4629,3,1,0.0,,
4630,2,0,,,
4631,2,1,0.0,,
4632,3,0,,,
4633,2,1,0.0,,
4634,4,1,0.0,,
4635,4,0,,,
4636,4,1,0.0,,
4637,3,1,1.0,0.0,1 4 6
4638,4,1,0.0,,4
4639,2,1,0.0,,3 4
4640,2,1,0.0,,1 3 4
4641,2,0,,,
4642,2,0,,,
4643,2,1,0.0,,
4644,2,1,0.0,,3 4
4645,2,0,,,
4646,2,0,,,8
4647,3,1,1.0,0.0,4 1
4648,2,0,,,
4649,4,0,,,
4650,3,0,,,
4651,2,0,,,
4652,3,1,0.0,,
4653,2,0,,,
4654,2,0,,,
4655,2,1,0.0,,99
4656,2,0,,,
4657,2,0,,,
4658,2,1,0.0,,6
4659,2,1,99.0,,
4660,2,0,,,
4661,2,1,0.0,,
4662,2,1,1.0,0.0,
4663,2,0,,,
4664,3,1,0.0,,
4665,3,0,,,
4666,2,1,0.0,,2 4
4667,3,0,,,
4668,3,1,0.0,,
4669,3,1,0.0,,4
4670,2,1,0.0,,3
4671,4,0,,,
4672,4,0,,,
4673,4,1,0.0,,
4674,2,1,0.0,,
4675,3,1,0.0,,
4676,2,0,,,
4677,1,1,1.0,1.0,8
4678,2,99,,,
4679,1,0,,,
4680,1,1,0.0,,7
4681,1,0,,,
4682,2,0,,,2 1 3
4683,3,0,,,
4684,2,1,0.0,,
4685,2,1,0.0,,
4686,1,0,,,
4687,3,0,,,
4688,2,0,,,
4689,2,0,,,
4690,2,0,,,
4691,2,0,,,
4692,1,0,,,
4693,1,1,0.0,,5
4694,1,0,,,
4695,2,0,,,
4696,3,1,0.0,,
4697,1,1,1.0,1.0,
4698,1,0,,,
4699,99,1,0.0,,
4700,1,1,0.0,,99
4701,1,0,,,
4702,1,1,0.0,,
4703,1,1,0.0,,
4704,2,0,,,
4705,2,0,,,
4706,3,1,0.0,,1 2 3
4707,2,1,0.0,,
4708,2,0,,,
4709,2,0,,,
4710,2,99,,,
4711,3,1,1.0,99.0,
4712,2,1,0.0,,
4713,2,0,,,
4714,3,0,,,
4715,2,1,0.0,,
4716,3,1,0.0,,
4717,2,0,,,
4718,2,99,,,
4719,3,99,,,
4720,1,1,0.0,,
4721,3,0,,,1 7
4722,2,1,0.0,,1
4723,3,0,,,
4724,2,1,0.0,,
4725,3,1,0.0,,
4726,2,1,0.0,,1 7
4727,2,1,0.0,,
4728,2,1,1.0,1.0,
4729,2,1,0.0,,7
4730,2,1,1.0,1.0,
4731,3,0,,,
4732,2,0,,,
4733,3,0,,,
4734,1,0,,,
4735,2,0,,,
4736,2,0,,,
4737,2,0,,,
4738,2,0,,,
4739,2,1,0.0,,
4740,1,0,,,
4741,1,0,,,
4742,1,0,,,
4743,2,0,,,
4744,1,1,0.0,,1 3 4
4745,2,1,0.0,,1 2
4746,2,1,0.0,,7
4747,4,0,,,
4748,2,1,1.0,1.0,
4749,2,1,1.0,1.0,
4750,1,0,,,
4751,4,1,1.0,0.0,
4752,4,0,,,
4753,4,1,0.0,,
4754,1,0,,,
4755,4,0,,,
4756,2,0,,,
4757,2,0,,,
4758,3,0,,,
4759,2,0,,,
4760,3,0,,,
4761,2,0,,,
4762,2,0,,,
4763,2,0,,,
4764,1,0,,,
4765,2,0,,,
4766,2,0,,,
4767,2,0,,,
4768,1,0,,,
4769,1,1,0.0,,
4770,1,0,,,
4771,2,0,,,
4772,1,0,,,
4773,1,1,0.0,,
4774,1,0,,,
4775,2,1,1.0,0.0,
4776,2,0,,,1 4 7
4777,3,1,1.0,1.0,
4778,2,1,0.0,,
4779,3,1,0.0,,
4780,3,0,,,
4781,3,0,,,
4782,3,0,,,
4783,3,0,,,
4784,3,1,1.0,0.0,
4785,3,0,,,4 7 2
4786,4,0,,,99
4787,4,1,0.0,,3 5 7
4788,4,0,,,1 5
4789,3,1,0.0,,7 6 3
4790,2,0,,,
4791,2,0,,,
4792,2,0,,,
4793,2,1,0.0,,
4794,2,0,,,
4795,2,0,,,
4796,1,0,,,
4797,2,0,,,
4798,3,0,,,
4799,1,0,,,
4800,2,0,,,
4801,2,0,,,
4802,1,0,,,
4803,2,0,,,
4804,2,0,,,
4805,2,0,,,
4806,2,0,,,
4807,2,0,,,
4808,2,0,,,
4809,2,1,0.0,,
4810,2,0,,,
4811,2,0,,,
4812,3,0,,,
4813,2,0,,,
4814,2,0,,,
4815,2,0,,,
4816,2,1,0.0,,
4817,2,1,0.0,,
4818,2,1,0.0,,1 4
4819,2,1,0.0,,
4820,2,0,,,
4821,2,0,,,1 2
4822,2,0,,,
4823,2,1,0.0,,
4824,2,1,0.0,,
4825,2,1,1.0,0.0,
4826,2,0,,,1
4827,2,0,,,
4828,2,1,0.0,,
4829,1,1,0.0,,
4830,2,1,0.0,,
4831,3,0,,,
4832,3,1,0.0,,
4833,2,0,,,
4834,3,0,,,
4835,3,0,,,3
4836,3,0,,,
4837,3,0,,,
4838,3,1,0.0,,
4839,2,1,0.0,,6
4840,2,0,,,
4841,2,1,0.0,,4
4842,3,1,0.0,,4
4843,3,0,,,
4844,4,1,0.0,,
4845,3,1,1.0,0.0,4
4846,2,1,1.0,1.0,3
4847,4,0,,,
4848,3,0,,,
4849,3,1,0.0,,
4850,3,0,,,
4851,2,0,,,
4852,3,0,,,
4853,3,1,0.0,,4 7
4854,2,0,,,
4855,4,1,0.0,,3 4 5
4856,3,1,1.0,0.0,
4857,2,1,0.0,,99
4858,1,0,,,1 5
4859,2,0,,,
4860,1,1,0.0,,
4861,1,0,,,
4862,2,0,,,
4863,2,1,0.0,,4
4864,2,1,0.0,,
4865,4,1,1.0,0.0,1
4866,1,0,,,
4867,1,1,1.0,1.0,
4868,1,0,,,
4869,1,0,,,
4870,99,1,1.0,1.0,
4871,1,1,0.0,,
4872,4,1,0.0,,
4873,3,1,0.0,,3
4874,4,1,0.0,,
4875,4,1,0.0,,
4876,2,1,1.0,0.0,
4877,3,1,1.0,1.0,2 3 1
4878,2,1,1.0,0.0,3
4879,2,1,0.0,,
4880,4,0,,,
4881,3,1,0.0,,
4882,2,0,,,
4883,3,1,0.0,,7 1 4
4884,3,0,,,
4885,2,0,,,
4886,2,0,,,
4887,2,1,0.0,,6
4888,2,0,,,
4889,2,0,,,
4890,3,1,1.0,1.0,
4891,2,0,,,
4892,2,1,0.0,,
4893,3,0,,,
4894,1,0,,,
4895,1,1,0.0,,1
4896,2,1,0.0,,
4897,2,0,,,
4898,2,1,0.0,,
4899,2,1,0.0,,
4900,2,1,0.0,,3 1 4
4901,2,1,0.0,,7
4902,2,1,0.0,,7
4903,2,1,0.0,,
4904,2,1,0.0,,1
4905,2,1,0.0,,1
4906,2,1,0.0,,
4907,2,1,0.0,,3 4
4908,3,1,0.0,,3 4 5
4909,1,1,0.0,,
4910,2,1,0.0,,1 3
4911,3,1,0.0,,1
4912,2,0,,,
4913,2,0,,,99
4914,2,1,0.0,,99
4915,4,1,1.0,0.0,
4916,2,1,0.0,,3 4
4917,2,0,,,6
4918,1,99,,,
4919,2,1,0.0,,7
4920,1,0,,,
4921,2,1,1.0,0.0,
4922,3,1,1.0,0.0,
4923,2,0,,,
4924,2,0,,,
4925,2,0,,,
4926,2,1,0.0,,3
4927,2,1,0.0,,4
4928,2,1,0.0,,
4929,1,1,1.0,1.0,
4930,4,1,0.0,,4
4931,4,0,,,
4932,4,0,,,
4933,4,0,,,
4934,2,1,0.0,,5 3 4
4935,4,0,,,
4936,2,1,0.0,,
4937,2,0,,,4
4938,3,1,0.0,,5
4939,2,1,0.0,,
4940,3,1,0.0,,
4941,2,1,0.0,,
4942,2,1,1.0,1.0,
4943,1,0,,,
4944,2,0,,,
4945,1,1,0.0,,
4946,2,1,1.0,0.0,
4947,1,0,,,
4948,2,0,,,
4949,2,0,,,
4950,2,0,,,
4951,3,0,,,
4952,2,1,0.0,,6
4953,1,0,,,
4954,2,0,,,
4955,2,1,1.0,1.0,
4956,1,0,,,
4957,2,0,,,
4958,2,1,0.0,,
4959,4,1,0.0,,
4960,2,1,0.0,,2 4 5
4961,2,0,,,
4962,4,1,0.0,,
4963,3,1,0.0,,
4964,3,99,,,
4965,1,1,1.0,1.0,
4966,2,0,,,
4967,2,0,,,4 5
4968,2,0,,,
4969,2,0,,,
4970,2,0,,,
4971,3,0,,,
4972,2,0,,,
4973,1,0,,,
4974,3,1,1.0,1.0,
4975,2,1,0.0,,
4976,3,0,,,
4977,4,1,0.0,,3
4978,3,0,,,
4979,2,0,,,
4980,2,0,,,99 9
4981,2,0,,,
4982,3,1,1.0,0.0,1 2
4983,2,1,0.0,,
4984,2,0,,,
4985,3,0,,,
4986,2,0,,,
4987,2,1,0.0,,
4988,2,0,,,
4989,2,1,0.0,,1 3 7
4990,2,1,0.0,,1 6
4991,3,0,,,1 6
4992,2,1,0.0,,
4993,2,0,,,
4994,2,0,,,
4995,3,1,0.0,,
4996,2,0,,,
4997,2,0,,,
